category,entity_class,script_id,script_text,pii_value,char_start,char_end,word_count,est_duration_sec,voice_name,voice_gender,voice_accent,voice_id
Employment Data,Professional License Number,PLN-01,"Hi, thanks for picking up. My license number is RN-448291, could you confirm that's correct? Let me know if you need anything else from me.",RN-448291,48,57,25,10.0,Southern US Male 1,male,Southern US,KuXMdv13akTyq5yqH15d
Employment Data,Professional License Number,PLN-02,"Hey, sorry to bother you again today. I need to update my license number to PE-902817. Take your time pulling that up, no rush at all.",PE-902817,76,85,26,10.4,Irish Female 1,female,Irish,0VXT7iQ2kXG7EERbbG9T
Employment Data,Professional License Number,PLN-03,"Hi there, I hope you can help me with something. For verification, my license number is BAR-556423. I really appreciate your help with this today.",BAR-556423,88,98,25,10.0,African-American Female 1,female,African-American,jmovCppyUT0hdwQb6rmj
Employment Data,Professional License Number,PLN-04,"Good afternoon, thanks so much for your patience. Let me read that off, my license number is CPA-773109. Thanks so much, I know it's a busy day for you.",CPA-773109,93,103,29,11.6,Canadian Male 1,male,Canadian,SHJeg1jtED7EW6Zr6rHc
Employment Data,Professional License Number,PLN-05,"Hi, I really appreciate you taking my call. The license number listed on my file says MD-118829. Sorry if I'm catching you at a bad time.",MD-118829,86,95,26,10.4,American Male 1,male,American,C1npRmjB19a6yNkEucvx
Full Name,Aliases,A-01,"Hi, thanks for picking up. I also go by Mike T on some of my old accounts. Let me know if you need anything else from me.",Mike T,40,46,27,10.8,Canadian Male 1,male,Canadian,SHJeg1jtED7EW6Zr6rHc
Full Name,Aliases,A-02,"Hey, sorry to bother you again today. You might have me listed under the alias Sally A from years ago. Take your time pulling that up, no rush at all.",Sally A,79,86,30,12.0,American Male 1,male,American,C1npRmjB19a6yNkEucvx
Full Name,Aliases,A-03,"Hi there, I hope you can help me with something. Some paperwork has me down as D.C. instead of my real name. I really appreciate your help with this today.",D.C.,79,83,30,12.0,American Female 1,female,American,8nrCzpcW3j4By5SgCxTv
Full Name,Aliases,A-04,"Good afternoon, thanks so much for your patience. Friends know me as Big Jules, in case that's on an old file. Thanks so much, I know it's a busy day for you.",Big Jules,69,78,32,12.8,British Male 1,male,British,zOzKXdLgsgWMld5cH9Be
Full Name,Aliases,A-05,"Hi, I really appreciate you taking my call. I used to go by Nak back when I opened this account. Sorry if I'm catching you at a bad time.",Nak,60,63,29,11.6,British Female 1,female,British,9rh371MqHF5jaDZ7VPvk
Financial Data,Account balances,AB-01,"Hi, thanks for picking up. The balance on the account right now is $4,281.53. Let me know if you need anything else from me.","$4,281.53",67,76,24,9.6,Australian Female 1,female,Australian,zMK1eWY5DTw3Jjb8efU8
Financial Data,Account balances,AB-02,"Hey, sorry to bother you again today. The balance on the account right now is $912.07. Take your time pulling that up, no rush at all.",$912.07,78,85,26,10.4,Indian-English Male 1,male,Indian-English,wJ5MX7uuKXZwFqGdWM4N
Financial Data,Account balances,AB-03,"Hi there, I hope you can help me with something. The balance on the account right now is $18,340.22. I really appreciate your help with this today.","$18,340.22",89,99,27,10.8,Indian-English Female 1,female,Indian-English,GBJyJih8mGoasC7OSR50
Financial Data,Account balances,AB-04,"Good afternoon, thanks so much for your patience. The balance on the account right now is $2,005.60. Thanks so much, I know it's a busy day for you.","$2,005.60",90,99,28,11.2,Southern US Male 1,male,Southern US,KuXMdv13akTyq5yqH15d
Financial Data,Account balances,AB-05,"Hi, I really appreciate you taking my call. The balance on the account right now is $675.34. Sorry if I'm catching you at a bad time.",$675.34,84,91,26,10.4,Irish Female 1,female,Irish,0VXT7iQ2kXG7EERbbG9T
Identification Numbers,AU Driver's license Number,ADLN-01,"Hi, thanks for picking up. For verification, my driver's license number is 0837462. Let me know if you need anything else from me.",837462,75,82,23,9.2,American Male 1,male,American,C1npRmjB19a6yNkEucvx
Identification Numbers,AU Driver's license Number,ADLN-02,"Hey, sorry to bother you again today. My driver's license number on file should be 1928374. Take your time pulling that up, no rush at all.",1928374,83,90,26,10.4,American Female 1,female,American,8nrCzpcW3j4By5SgCxTv
Identification Numbers,AU Driver's license Number,ADLN-03,"Hi there, I hope you can help me with something. Let me read off my driver's license number, it's 5544332. I really appreciate your help with this today.",5544332,98,105,28,11.2,British Male 1,male,British,zOzKXdLgsgWMld5cH9Be
Identification Numbers,AU Driver's license Number,ADLN-04,"Good afternoon, thanks so much for your patience. The driver's license number we have registered is 9081726, is that right? Thanks so much, I know it's a busy day for you.",9081726,100,107,31,12.4,British Female 1,female,British,9rh371MqHF5jaDZ7VPvk
Identification Numbers,AU Driver's license Number,ADLN-05,"Hi, I really appreciate you taking my call. I need to update my driver's license number to 2039485. Sorry if I'm catching you at a bad time.",2039485,91,98,27,10.8,Australian Male 1,male,Australian,PA1XYeK584cPbgobwKAc
General Information,Age,AG-01,"Hi, thanks for picking up. I'm 34 years old, if that's what you need for the form. Let me know if you need anything else from me.",34,31,33,27,10.8,British Male 1,male,British,zOzKXdLgsgWMld5cH9Be
General Information,Age,AG-02,"Hey, sorry to bother you again today. I'm 52 years old, if that's what you need for the form. Take your time pulling that up, no rush at all.",52,42,44,29,11.6,British Female 1,female,British,9rh371MqHF5jaDZ7VPvk
General Information,Age,AG-03,"Hi there, I hope you can help me with something. I'm 27 years old, if that's what you need for the form. I really appreciate your help with this today.",27,53,55,30,12.0,Australian Male 1,male,Australian,PA1XYeK584cPbgobwKAc
General Information,Age,AG-04,"Good afternoon, thanks so much for your patience. I'm 61 years old, if that's what you need for the form. Thanks so much, I know it's a busy day for you.",61,54,56,31,12.4,Australian Female 1,female,Australian,zMK1eWY5DTw3Jjb8efU8
General Information,Age,AG-05,"Hi, I really appreciate you taking my call. I'm 45 years old, if that's what you need for the form. Sorry if I'm catching you at a bad time.",45,48,50,29,11.6,Indian-English Male 1,male,Indian-English,wJ5MX7uuKXZwFqGdWM4N
Financial Data,Account number (UK),ANU-01,"Hi, thanks for picking up. My account number is 12345678, go ahead and set up the transfer. Let me know if you need anything else from me.",12345678,48,56,27,10.8,British Male 1,male,British,zOzKXdLgsgWMld5cH9Be
Financial Data,Account number (UK),ANU-02,"Hey, sorry to bother you again today. The account number on file is 87654321. Take your time pulling that up, no rush at all.",87654321,68,76,24,9.6,British Female 1,female,British,9rh371MqHF5jaDZ7VPvk
Financial Data,Account number (UK),ANU-03,"Hi there, I hope you can help me with something. Can you check the account number, it should read 45678912? I really appreciate your help with this today.",45678912,98,106,28,11.2,Australian Male 1,male,Australian,PA1XYeK584cPbgobwKAc
Financial Data,Account number (UK),ANU-04,"Good afternoon, thanks so much for your patience. I'd like to update my account number to 32165498. Thanks so much, I know it's a busy day for you.",32165498,90,98,28,11.2,Australian Female 1,female,Australian,zMK1eWY5DTw3Jjb8efU8
Financial Data,Account number (UK),ANU-05,"Hi, I really appreciate you taking my call. Let me give you the account number, it's 78912345. Sorry if I'm catching you at a bad time.",78912345,85,93,26,10.4,Indian-English Male 1,male,Indian-English,wJ5MX7uuKXZwFqGdWM4N
Security & Verification,Account Recovery Code,ARC-01,"Hi, thanks for picking up. My recovery code is RC-8827-4491, I saved it when I set up the account. Let me know if you need anything else from me.",RC-8827-4491,47,59,29,11.6,Irish Female 1,female,Irish,0VXT7iQ2kXG7EERbbG9T
Security & Verification,Account Recovery Code,ARC-02,"Hey, sorry to bother you again today. My recovery code is RC-0192-7734, I saved it when I set up the account. Take your time pulling that up, no rush at all.",RC-0192-7734,58,70,31,12.4,African-American Female 1,female,African-American,jmovCppyUT0hdwQb6rmj
Security & Verification,Account Recovery Code,ARC-03,"Hi there, I hope you can help me with something. My recovery code is RC-5563-2081, I saved it when I set up the account. I really appreciate your help with this today.",RC-5563-2081,69,81,32,12.8,Canadian Male 1,male,Canadian,SHJeg1jtED7EW6Zr6rHc
Security & Verification,Account Recovery Code,ARC-04,"Good afternoon, thanks so much for your patience. My recovery code is RC-9082-1738, I saved it when I set up the account. Thanks so much, I know it's a busy day for you.",RC-9082-1738,70,82,33,13.2,American Male 1,male,American,C1npRmjB19a6yNkEucvx
Security & Verification,Account Recovery Code,ARC-05,"Hi, I really appreciate you taking my call. My recovery code is RC-1188-4402, I saved it when I set up the account. Sorry if I'm catching you at a bad time.",RC-1188-4402,64,76,31,12.4,American Female 1,female,American,8nrCzpcW3j4By5SgCxTv
Identification Numbers,AU Tax File Number,ATFN-01,"Hi, thanks for picking up. For verification, my tax file number is 123 456 782. Let me know if you need anything else from me.",123 456 782,67,78,25,10.0,Australian Female 1,female,Australian,zMK1eWY5DTw3Jjb8efU8
Identification Numbers,AU Tax File Number,ATFN-02,"Hey, sorry to bother you again today. My tax file number on file should be 987 654 321. Take your time pulling that up, no rush at all.",987 654 321,75,86,28,11.2,Indian-English Male 1,male,Indian-English,wJ5MX7uuKXZwFqGdWM4N
Identification Numbers,AU Tax File Number,ATFN-03,"Hi there, I hope you can help me with something. Let me read off my tax file number, it's 456 789 123. I really appreciate your help with this today.",456 789 123,90,101,30,12.0,Indian-English Female 1,female,Indian-English,GBJyJih8mGoasC7OSR50
Identification Numbers,AU Tax File Number,ATFN-04,"Good afternoon, thanks so much for your patience. The tax file number we have registered is 321 654 987, is that right? Thanks so much, I know it's a busy day for you.",321 654 987,92,103,33,13.2,Southern US Male 1,male,Southern US,KuXMdv13akTyq5yqH15d
Identification Numbers,AU Tax File Number,ATFN-05,"Hi, I really appreciate you taking my call. I need to update my tax file number to 789 123 456. Sorry if I'm catching you at a bad time.",789 123 456,83,94,29,11.6,Irish Female 1,female,Irish,0VXT7iQ2kXG7EERbbG9T
Employment Data,Bonus,B-01,"Hi, thanks for picking up. I received a bonus of $3,200 last quarter. Let me know if you need anything else from me.","$3,200.00",49,55,23,9.2,British Male 1,male,British,zOzKXdLgsgWMld5cH9Be
Employment Data,Bonus,B-02,"Hey, sorry to bother you again today. I received a bonus of $1,500 last quarter. Take your time pulling that up, no rush at all.","$1,500.00",60,66,25,10.0,British Female 1,female,British,9rh371MqHF5jaDZ7VPvk
Employment Data,Bonus,B-03,"Hi there, I hope you can help me with something. I received a bonus of $5,800 last quarter. I really appreciate your help with this today.","$5,800.00",71,77,26,10.4,Australian Male 1,male,Australian,PA1XYeK584cPbgobwKAc
Employment Data,Bonus,B-04,"Good afternoon, thanks so much for your patience. I received a bonus of $2,100 last quarter. Thanks so much, I know it's a busy day for you.","$2,100.00",72,78,27,10.8,Australian Female 1,female,Australian,zMK1eWY5DTw3Jjb8efU8
Employment Data,Bonus,B-05,"Hi, I really appreciate you taking my call. I received a bonus of $4,000 last quarter. Sorry if I'm catching you at a bad time.","$4,000.00",66,72,25,10.0,Indian-English Male 1,male,Indian-English,wJ5MX7uuKXZwFqGdWM4N
Financial Data,Bank account (US),BAU-01,"Hi, thanks for picking up. My bank account number is 004372819302, go ahead and set up the transfer. Let me know if you need anything else from me.",4372819302,53,65,28,11.2,Canadian Male 1,male,Canadian,SHJeg1jtED7EW6Zr6rHc
Financial Data,Bank account (US),BAU-02,"Hey, sorry to bother you again today. The account on file is 118837465019. Take your time pulling that up, no rush at all.",118837465019,61,73,23,9.2,American Male 1,male,American,C1npRmjB19a6yNkEucvx
Financial Data,Bank account (US),BAU-03,"Hi there, I hope you can help me with something. Can you check the account number, it should read 220948573620? I really appreciate your help with this today.",220948573620,98,110,28,11.2,American Female 1,female,American,8nrCzpcW3j4By5SgCxTv
Financial Data,Bank account (US),BAU-04,"Good afternoon, thanks so much for your patience. I'd like to update my bank account to 998271640038. Thanks so much, I know it's a busy day for you.",998271640038,88,100,28,11.2,British Male 1,male,British,zOzKXdLgsgWMld5cH9Be
Financial Data,Bank account (US),BAU-05,"Hi, I really appreciate you taking my call. Let me give you the account number, it's 774583920117. Sorry if I'm catching you at a bad time.",774583920117,85,97,26,10.4,British Female 1,female,British,9rh371MqHF5jaDZ7VPvk
Insurance,Beneficiary info,BI-01,"Hi, thanks for picking up. I'd like to list my spouse, Anna Kowalski, as my primary beneficiary. Let me know if you need anything else from me.","my spouse, Anna Kowalski",44,68,27,10.8,Australian Female 1,female,Australian,zMK1eWY5DTw3Jjb8efU8
Insurance,Beneficiary info,BI-02,"Hey, sorry to bother you again today. I'd like to list my son, Marcus Reed, as my primary beneficiary. Take your time pulling that up, no rush at all.","my son, Marcus Reed",55,74,29,11.6,Indian-English Male 1,male,Indian-English,wJ5MX7uuKXZwFqGdWM4N
Insurance,Beneficiary info,BI-03,"Hi there, I hope you can help me with something. I'd like to list my daughter, Elena Fischer, as my primary beneficiary. I really appreciate your help with this today.","my daughter, Elena Fischer",66,92,30,12.0,Indian-English Female 1,female,Indian-English,GBJyJih8mGoasC7OSR50
Insurance,Beneficiary info,BI-04,"Good afternoon, thanks so much for your patience. I'd like to list my brother, Sam Delgado, as my primary beneficiary. Thanks so much, I know it's a busy day for you.","my brother, Sam Delgado",67,90,31,12.4,Southern US Male 1,male,Southern US,KuXMdv13akTyq5yqH15d
Insurance,Beneficiary info,BI-05,"Hi, I really appreciate you taking my call. I'd like to list my niece, Priya Nakamura, as my primary beneficiary. Sorry if I'm catching you at a bad time.","my niece, Priya Nakamura",61,85,29,11.6,Irish Female 1,female,Irish,0VXT7iQ2kXG7EERbbG9T
Identification Numbers,Business Number,BN-01,"Hi, thanks for picking up. For verification, my business number is 12345678901. Let me know if you need anything else from me.",12345678901,67,78,22,8.8,African-American Female 1,female,African-American,jmovCppyUT0hdwQb6rmj
Identification Numbers,Business Number,BN-02,"Hey, sorry to bother you again today. My business number on file should be 98765432109. Take your time pulling that up, no rush at all.",98765432109,75,86,25,10.0,Canadian Male 1,male,Canadian,SHJeg1jtED7EW6Zr6rHc
Identification Numbers,Business Number,BN-03,"Hi there, I hope you can help me with something. Let me read off my business number, it's 45678912301. I really appreciate your help with this today.",45678912301,90,101,27,10.8,American Male 1,male,American,C1npRmjB19a6yNkEucvx
Identification Numbers,Business Number,BN-04,"Good afternoon, thanks so much for your patience. The business number we have registered is 32165498701, is that right? Thanks so much, I know it's a busy day for you.",32165498701,92,103,30,12.0,American Female 1,female,American,8nrCzpcW3j4By5SgCxTv
Identification Numbers,Business Number,BN-05,"Hi, I really appreciate you taking my call. I need to update my business number to 78912345601. Sorry if I'm catching you at a bad time.",78912345601,83,94,26,10.4,British Male 1,male,British,zOzKXdLgsgWMld5cH9Be
Financial Data,Bankruptcy or Debt Records,BODR-01,"Hi, thanks for picking up. I filed for Chapter 7 bankruptcy a couple years back. Let me know if you need anything else from me.",Chapter 7,39,48,25,10.0,Canadian Male 1,male,Canadian,SHJeg1jtED7EW6Zr6rHc
Financial Data,Bankruptcy or Debt Records,BODR-02,"Hey, sorry to bother you again today. I filed for Chapter 13 bankruptcy a couple years back. Take your time pulling that up, no rush at all.",Chapter 13,50,60,27,10.8,American Male 1,male,American,C1npRmjB19a6yNkEucvx
Financial Data,Bankruptcy or Debt Records,BODR-03,"Hi there, I hope you can help me with something. I filed for Chapter 11 bankruptcy a couple years back. I really appreciate your help with this today.",Chapter 11,61,71,28,11.2,American Female 1,female,American,8nrCzpcW3j4By5SgCxTv
Financial Data,Bankruptcy or Debt Records,BODR-04,"Good afternoon, thanks so much for your patience. I filed for Chapter 7 bankruptcy back in 2019. Thanks so much, I know it's a busy day for you.",Chapter 7,62,71,28,11.2,British Male 1,male,British,zOzKXdLgsgWMld5cH9Be
Financial Data,Bankruptcy or Debt Records,BODR-05,"Hi, I really appreciate you taking my call. I filed for Chapter 13 bankruptcy back in 2020. Sorry if I'm catching you at a bad time.",Chapter 13,56,66,26,10.4,British Female 1,female,British,9rh371MqHF5jaDZ7VPvk
Health Data,Blood Type,BT-01,"Hi, thanks for picking up. My blood type is O negative, in case that's needed for the chart. Let me know if you need anything else from me.",O negative,44,54,28,11.2,Southern US Male 1,male,Southern US,KuXMdv13akTyq5yqH15d
Health Data,Blood Type,BT-02,"Hey, sorry to bother you again today. My blood type is A positive, in case that's needed for the chart. Take your time pulling that up, no rush at all.",A positive,55,65,30,12.0,Irish Female 1,female,Irish,0VXT7iQ2kXG7EERbbG9T
Health Data,Blood Type,BT-03,"Hi there, I hope you can help me with something. My blood type is AB negative, in case that's needed for the chart. I really appreciate your help with this today.",AB negative,66,77,31,12.4,African-American Female 1,female,African-American,jmovCppyUT0hdwQb6rmj
Health Data,Blood Type,BT-04,"Good afternoon, thanks so much for your patience. My blood type is B positive, in case that's needed for the chart. Thanks so much, I know it's a busy day for you.",B positive,67,77,32,12.8,Canadian Male 1,male,Canadian,SHJeg1jtED7EW6Zr6rHc
Health Data,Blood Type,BT-05,"Hi, I really appreciate you taking my call. My blood type is O positive, in case that's needed for the chart. Sorry if I'm catching you at a bad time.",O positive,61,71,30,12.0,American Male 1,male,American,C1npRmjB19a6yNkEucvx
Contact Information,Country,C-01,"Hi, thanks for picking up. I'm calling from Canada, so the time zone might be different. Let me know if you need anything else from me.",Canada,44,50,26,10.4,British Female 1,female,British,9rh371MqHF5jaDZ7VPvk
Contact Information,Country,C-02,"Hey, sorry to bother you again today. The billing address is in Germany, not the US. Take your time pulling that up, no rush at all.",Germany,64,71,26,10.4,Australian Male 1,male,Australian,PA1XYeK584cPbgobwKAc
Contact Information,Country,C-03,"Hi there, I hope you can help me with something. Yes, I'm shipping this to Australia. I really appreciate your help with this today.",Australia,75,84,24,9.6,Australian Female 1,female,Australian,zMK1eWY5DTw3Jjb8efU8
Contact Information,Country,C-04,"Good afternoon, thanks so much for your patience. My passport was issued in Japan. Thanks so much, I know it's a busy day for you.",Japan,76,81,25,10.0,Indian-English Male 1,male,Indian-English,wJ5MX7uuKXZwFqGdWM4N
Contact Information,Country,C-05,"Hi, I really appreciate you taking my call. The package needs to go to Brazil instead. Sorry if I'm catching you at a bad time.",Brazil,71,77,25,10.0,Indian-English Female 1,female,Indian-English,GBJyJih8mGoasC7OSR50
Insurance,Claim details,CD-01,"Hi, thanks for picking up. I'm filing a claim for water damage in the basement that happened last week. Let me know if you need anything else from me.",water damage in the basement,50,78,29,11.6,American Male 1,male,American,C1npRmjB19a6yNkEucvx
Insurance,Claim details,CD-02,"Hey, sorry to bother you again today. I'm filing a claim for a rear-end collision that happened last week. Take your time pulling that up, no rush at all.",a rear-end collision,61,81,29,11.6,American Female 1,female,American,8nrCzpcW3j4By5SgCxTv
Insurance,Claim details,CD-03,"Hi there, I hope you can help me with something. I'm filing a claim for a broken windshield that happened last week. I really appreciate your help with this today.",a broken windshield,72,91,30,12.0,British Male 1,male,British,zOzKXdLgsgWMld5cH9Be
Insurance,Claim details,CD-04,"Good afternoon, thanks so much for your patience. I'm filing a claim for a kitchen fire that happened last week. Thanks so much, I know it's a busy day for you.",a kitchen fire,73,87,31,12.4,British Female 1,female,British,9rh371MqHF5jaDZ7VPvk
Insurance,Claim details,CD-05,"Hi, I really appreciate you taking my call. I'm filing a claim for storm damage to the roof that happened last week. Sorry if I'm catching you at a bad time.",storm damage to the roof,67,91,31,12.4,Australian Male 1,male,Australian,PA1XYeK584cPbgobwKAc
Financial Data,Credit/debit card,CDC-01,"Hi, thanks for picking up. My card number is 4539 1122 3344 5566, go ahead and charge it. Let me know if you need anything else from me.",4539 1122 3344 5566,45,64,28,11.2,Southern US Male 1,male,Southern US,KuXMdv13akTyq5yqH15d
Financial Data,Credit/debit card,CDC-02,"Hey, sorry to bother you again today. The card on the account is 5500 0011 2233 4455. Take your time pulling that up, no rush at all.",5500 0011 2233 4455,65,84,27,10.8,Irish Female 1,female,Irish,0VXT7iQ2kXG7EERbbG9T
Financial Data,Credit/debit card,CDC-03,"Hi there, I hope you can help me with something. Can you check the card number, it should read 3714 496353 98431? I really appreciate your help with this today.",3714 496353 98431,95,112,30,12.0,African-American Female 1,female,African-American,jmovCppyUT0hdwQb6rmj
Financial Data,Credit/debit card,CDC-04,"Good afternoon, thanks so much for your patience. I'd like to update my card to 6011 0009 9013 9424. Thanks so much, I know it's a busy day for you.",6011 0009 9013 9424,80,99,30,12.0,Canadian Male 1,male,Canadian,SHJeg1jtED7EW6Zr6rHc
Financial Data,Credit/debit card,CDC-05,"Hi, I really appreciate you taking my call. Let me give you the card number, it's 4024 0071 4372 8391. Sorry if I'm catching you at a bad time.",4024 0071 4372 8391,82,101,29,11.6,American Male 1,male,American,C1npRmjB19a6yNkEucvx
Financial Data,Card expiration date,CED-01,"Hi, thanks for picking up. My card expiration date is 08/27, go ahead and charge it. Let me know if you need anything else from me.",08/27,54,59,26,10.4,American Female 1,female,American,8nrCzpcW3j4By5SgCxTv
Financial Data,Card expiration date,CED-02,"Hey, sorry to bother you again today. The expiration date on the account is 11/25. Take your time pulling that up, no rush at all.",11/25,76,81,25,10.0,British Male 1,male,British,zOzKXdLgsgWMld5cH9Be
Financial Data,Card expiration date,CED-03,"Hi there, I hope you can help me with something. Can you check the expiration date, it should read 03/29? I really appreciate your help with this today.",03/29,99,104,28,11.2,British Female 1,female,British,9rh371MqHF5jaDZ7VPvk
Financial Data,Card expiration date,CED-04,"Good afternoon, thanks so much for your patience. I'd like to update my expiration date to 06/26. Thanks so much, I know it's a busy day for you.",06/26,91,96,28,11.2,Australian Male 1,male,Australian,PA1XYeK584cPbgobwKAc
Financial Data,Card expiration date,CED-05,"Hi, I really appreciate you taking my call. Let me give you the expiration date, it's 01/28. Sorry if I'm catching you at a bad time.",01/28,86,91,26,10.4,Australian Female 1,female,Australian,zMK1eWY5DTw3Jjb8efU8
General Information,Criminal History,CH-01,"Hi, thanks for picking up. I do have a prior conviction for a misdemeanor DUI from a few years back. Let me know if you need anything else from me.",a misdemeanor DUI,60,77,30,12.0,Indian-English Female 1,female,Indian-English,GBJyJih8mGoasC7OSR50
General Information,Criminal History,CH-02,"Hey, sorry to bother you again today. I do have a prior conviction for a shoplifting charge from a few years back. Take your time pulling that up, no rush at all.",a shoplifting charge,71,91,32,12.8,Southern US Male 1,male,Southern US,KuXMdv13akTyq5yqH15d
General Information,Criminal History,CH-03,"Hi there, I hope you can help me with something. I do have a prior conviction for a minor drug possession charge from a few years back. I really appreciate your help with this today.",a minor drug possession charge,82,112,35,14.0,Irish Female 1,female,Irish,0VXT7iQ2kXG7EERbbG9T
General Information,Criminal History,CH-04,"Good afternoon, thanks so much for your patience. I do have a prior conviction that was a traffic violation escalated in court. Thanks so much, I know it's a busy day for you.",a traffic violation escalated in court,88,126,33,13.2,African-American Female 1,female,African-American,jmovCppyUT0hdwQb6rmj
General Information,Criminal History,CH-05,"Hi, I really appreciate you taking my call. I do have a prior conviction for disorderly conduct from a few years back. Sorry if I'm catching you at a bad time.",disorderly conduct,77,95,31,12.4,Canadian Male 1,male,Canadian,SHJeg1jtED7EW6Zr6rHc
Identification Numbers,Company Number,CN-01,"Hi, thanks for picking up. For verification, my company number is CN0473829. Let me know if you need anything else from me.",CN0473829,66,75,22,8.8,British Female 1,female,British,9rh371MqHF5jaDZ7VPvk
Identification Numbers,Company Number,CN-02,"Hey, sorry to bother you again today. My company number on file should be CN1928374. Take your time pulling that up, no rush at all.",CN1928374,74,83,25,10.0,Australian Male 1,male,Australian,PA1XYeK584cPbgobwKAc
Identification Numbers,Company Number,CN-03,"Hi there, I hope you can help me with something. Let me read off my company number, it's CN5566778. I really appreciate your help with this today.",CN5566778,89,98,27,10.8,Australian Female 1,female,Australian,zMK1eWY5DTw3Jjb8efU8
Identification Numbers,Company Number,CN-04,"Good afternoon, thanks so much for your patience. The company number we have registered is CN9081726, is that right? Thanks so much, I know it's a busy day for you.",CN9081726,91,100,30,12.0,Indian-English Male 1,male,Indian-English,wJ5MX7uuKXZwFqGdWM4N
Identification Numbers,Company Number,CN-05,"Hi, I really appreciate you taking my call. I need to update my company number to CN2039485. Sorry if I'm catching you at a bad time.",CN2039485,82,91,26,10.4,Indian-English Female 1,female,Indian-English,GBJyJih8mGoasC7OSR50
Financial Data,Credit scores,CS-01,"Hi, thanks for picking up. My credit score is showing as 712 right now. Let me know if you need anything else from me.",712,57,60,24,9.6,British Female 1,female,British,9rh371MqHF5jaDZ7VPvk
Financial Data,Credit scores,CS-02,"Hey, sorry to bother you again today. My credit score is showing as 648 right now. Take your time pulling that up, no rush at all.",648,68,71,26,10.4,Australian Male 1,male,Australian,PA1XYeK584cPbgobwKAc
Financial Data,Credit scores,CS-03,"Hi there, I hope you can help me with something. My credit score is showing as 790 right now. I really appreciate your help with this today.",790,79,82,27,10.8,Australian Female 1,female,Australian,zMK1eWY5DTw3Jjb8efU8
Financial Data,Credit scores,CS-04,"Good afternoon, thanks so much for your patience. My credit score is showing as 605 right now. Thanks so much, I know it's a busy day for you.",605,80,83,28,11.2,Indian-English Male 1,male,Indian-English,wJ5MX7uuKXZwFqGdWM4N
Financial Data,Credit scores,CS-05,"Hi, I really appreciate you taking my call. My credit score is showing as 733 right now. Sorry if I'm catching you at a bad time.",733,74,77,26,10.4,Indian-English Female 1,female,Indian-English,GBJyJih8mGoasC7OSR50
Identification Numbers,CA Social Insurance Number (SIN),CSINS-01,"Hi, thanks for picking up. For verification, my social insurance number is 046 454 286. Let me know if you need anything else from me.",046 454 286,75,86,25,10.0,Indian-English Female 1,female,Indian-English,GBJyJih8mGoasC7OSR50
Identification Numbers,CA Social Insurance Number (SIN),CSINS-02,"Hey, sorry to bother you again today. My social insurance number on file should be 130 692 544. Take your time pulling that up, no rush at all.",130 692 544,83,94,28,11.2,Southern US Male 1,male,Southern US,KuXMdv13akTyq5yqH15d
Identification Numbers,CA Social Insurance Number (SIN),CSINS-03,"Hi there, I hope you can help me with something. Let me read off my social insurance number, it's 527 748 190. I really appreciate your help with this today.",527 748 190,98,109,30,12.0,Irish Female 1,female,Irish,0VXT7iQ2kXG7EERbbG9T
Identification Numbers,CA Social Insurance Number (SIN),CSINS-04,"Good afternoon, thanks so much for your patience. The social insurance number we have registered is 902 314 776, is that right? Thanks so much, I know it's a busy day for you.",902 314 776,100,111,33,13.2,African-American Female 1,female,African-American,jmovCppyUT0hdwQb6rmj
Identification Numbers,CA Social Insurance Number (SIN),CSINS-05,"Hi, I really appreciate you taking my call. I need to update my social insurance number to 615 823 049. Sorry if I'm catching you at a bad time.",615 823 049,91,102,29,11.6,Canadian Male 1,male,Canadian,SHJeg1jtED7EW6Zr6rHc
Financial Data,CVV,CV-01,"Hi, thanks for picking up. My security code is 482, go ahead and charge it. Let me know if you need anything else from me.",482,47,50,25,10.0,Indian-English Male 1,male,Indian-English,wJ5MX7uuKXZwFqGdWM4N
Financial Data,CVV,CV-02,"Hey, sorry to bother you again today. The security code on the card is 917. Take your time pulling that up, no rush at all.",917,71,74,25,10.0,Indian-English Female 1,female,Indian-English,GBJyJih8mGoasC7OSR50
Financial Data,CVV,CV-03,"Hi there, I hope you can help me with something. Can you check the security code, it should read 356? I really appreciate your help with this today.",356,97,100,28,11.2,Southern US Male 1,male,Southern US,KuXMdv13akTyq5yqH15d
Financial Data,CVV,CV-04,"Good afternoon, thanks so much for your patience. I'd like to give you the security code, it's 204. Thanks so much, I know it's a busy day for you.",204,95,98,29,11.6,Irish Female 1,female,Irish,0VXT7iQ2kXG7EERbbG9T
Financial Data,CVV,CV-05,"Hi, I really appreciate you taking my call. Let me read that off, my security code is 739. Sorry if I'm catching you at a bad time.",739,86,89,27,10.8,African-American Female 1,female,African-American,jmovCppyUT0hdwQb6rmj
Financial Data,Cryptocurrency Wallet Address,CWA-01,"Hi, thanks for picking up. My wallet address is 1A1zP1eP5QGefi2DMPTfTL5, can you verify the transfer? Let me know if you need anything else from me.",1A1zP1eP5QGefi2DMPTfTL5,48,71,25,10.0,Australian Male 1,male,Australian,PA1XYeK584cPbgobwKAc
Financial Data,Cryptocurrency Wallet Address,CWA-02,"Hey, sorry to bother you again today. My wallet address is bc1qxy2kgdygjrsqtzq2n0yrf, can you verify the transfer? Take your time pulling that up, no rush at all.",bc1qxy2kgdygjrsqtzq2n0yrf,59,84,27,10.8,Australian Female 1,female,Australian,zMK1eWY5DTw3Jjb8efU8
Financial Data,Cryptocurrency Wallet Address,CWA-03,"Hi there, I hope you can help me with something. My wallet address is 3J98t1WpEZ73CNmQviecrn, can you verify the transfer? I really appreciate your help with this today.",3J98t1WpEZ73CNmQviecrn,70,92,28,11.2,Indian-English Male 1,male,Indian-English,wJ5MX7uuKXZwFqGdWM4N
Financial Data,Cryptocurrency Wallet Address,CWA-04,"Good afternoon, thanks so much for your patience. My wallet address is 0x71C7656EC7ab88b098, can you verify the transfer? Thanks so much, I know it's a busy day for you.",0x71C7656EC7ab88b098,71,91,29,11.6,Indian-English Female 1,female,Indian-English,GBJyJih8mGoasC7OSR50
Financial Data,Cryptocurrency Wallet Address,CWA-05,"Hi, I really appreciate you taking my call. My wallet address is bc1qar0srrr7xfkvy5l643, can you verify the transfer? Sorry if I'm catching you at a bad time.",bc1qar0srrr7xfkvy5l643,65,87,27,10.8,Southern US Male 1,male,Southern US,KuXMdv13akTyq5yqH15d
Health Data,Diagnosis,D-01,"Hi, thanks for picking up. My doctor diagnosed me with type 2 diabetes last month. Let me know if you need anything else from me.",type 2 diabetes,55,70,25,10.0,American Female 1,female,American,8nrCzpcW3j4By5SgCxTv
Health Data,Diagnosis,D-02,"Hey, sorry to bother you again today. My doctor diagnosed me with generalized anxiety disorder last month. Take your time pulling that up, no rush at all.",generalized anxiety disorder,66,94,27,10.8,British Male 1,male,British,zOzKXdLgsgWMld5cH9Be
Health Data,Diagnosis,D-03,"Hi there, I hope you can help me with something. My doctor diagnosed me with early stage hypertension last month. I really appreciate your help with this today.",early stage hypertension,77,101,28,11.2,British Female 1,female,British,9rh371MqHF5jaDZ7VPvk
Health Data,Diagnosis,D-04,"Good afternoon, thanks so much for your patience. My doctor diagnosed me with seasonal asthma last month. Thanks so much, I know it's a busy day for you.",seasonal asthma,78,93,28,11.2,Australian Male 1,male,Australian,PA1XYeK584cPbgobwKAc
Health Data,Diagnosis,D-05,"Hi, I really appreciate you taking my call. My doctor diagnosed me with a mild thyroid condition last month. Sorry if I'm catching you at a bad time.",a mild thyroid condition,72,96,28,11.2,Australian Female 1,female,Australian,zMK1eWY5DTw3Jjb8efU8
General Information,Date,DA-01,"Hi, thanks for picking up. I'd like to schedule that for next Tuesday, July 14th. Let me know if you need anything else from me.","next Tuesday, July 14th",57,80,25,10.0,American Male 1,male,American,C1npRmjB19a6yNkEucvx
General Information,Date,DA-02,"Hey, sorry to bother you again today. I'd like to schedule that for August 3rd. Take your time pulling that up, no rush at all.",August 3rd,68,78,25,10.0,American Female 1,female,American,8nrCzpcW3j4By5SgCxTv
General Information,Date,DA-03,"Hi there, I hope you can help me with something. I'd like to schedule that for the morning of June 21st. I really appreciate your help with this today.",the morning of June 21st,79,103,29,11.6,British Male 1,male,British,zOzKXdLgsgWMld5cH9Be
General Information,Date,DA-04,"Good afternoon, thanks so much for your patience. I'd like to schedule that for September 9th at 10 AM. Thanks so much, I know it's a busy day for you.",September 9th at 10 AM,80,102,30,12.0,British Female 1,female,British,9rh371MqHF5jaDZ7VPvk
General Information,Date,DA-05,"Hi, I really appreciate you taking my call. I'd like to schedule that for October 30th. Sorry if I'm catching you at a bad time.",October 30th,74,86,25,10.0,Australian Male 1,male,Australian,PA1XYeK584cPbgobwKAc
Digital identifiers,Device IDs,DI-01,"Hi, thanks for picking up. The device ID on my phone is IMEI-359872104928371. Let me know if you need anything else from me.",IMEI-359872104928371,56,76,23,9.2,Canadian Male 1,male,Canadian,SHJeg1jtED7EW6Zr6rHc
Digital identifiers,Device IDs,DI-02,"Hey, sorry to bother you again today. The device ID on my phone is UDID-A1B2C3D4E5F6. Take your time pulling that up, no rush at all.",UDID-A1B2C3D4E5F6,67,84,25,10.0,American Male 1,male,American,C1npRmjB19a6yNkEucvx
Digital identifiers,Device IDs,DI-03,"Hi there, I hope you can help me with something. The device ID on my phone is DEV-99281047. I really appreciate your help with this today.",DEV-99281047,78,90,26,10.4,American Female 1,female,American,8nrCzpcW3j4By5SgCxTv
Digital identifiers,Device IDs,DI-04,"Good afternoon, thanks so much for your patience. The device ID on my phone is SN-4482910733. Thanks so much, I know it's a busy day for you.",SN-4482910733,79,92,27,10.8,British Male 1,male,British,zOzKXdLgsgWMld5cH9Be
Digital identifiers,Device IDs,DI-05,"Hi, I really appreciate you taking my call. The device ID on my phone is ID-77310948821. Sorry if I'm catching you at a bad time.",ID-77310948821,73,87,25,10.0,British Female 1,female,British,9rh371MqHF5jaDZ7VPvk
Identification Numbers,Driver's license,DL-01,"Hi, thanks for picking up. For verification, my driver's license number is D1234567. Let me know if you need anything else from me.",D1234567,75,83,23,9.2,British Male 1,male,British,zOzKXdLgsgWMld5cH9Be
Identification Numbers,Driver's license,DL-02,"Hey, sorry to bother you again today. My driver's license number on file should be T9988776. Take your time pulling that up, no rush at all.",T9988776,83,91,26,10.4,British Female 1,female,British,9rh371MqHF5jaDZ7VPvk
Identification Numbers,Driver's license,DL-03,"Hi there, I hope you can help me with something. Let me read off my driver's license number, it's S4455667. I really appreciate your help with this today.",S4455667,98,106,28,11.2,Australian Male 1,male,Australian,PA1XYeK584cPbgobwKAc
Identification Numbers,Driver's license,DL-04,"Good afternoon, thanks so much for your patience. The driver's license number we have registered is R7788990, is that right? Thanks so much, I know it's a busy day for you.",R7788990,100,108,31,12.4,Australian Female 1,female,Australian,zMK1eWY5DTw3Jjb8efU8
Identification Numbers,Driver's license,DL-05,"Hi, I really appreciate you taking my call. I need to update my driver's license number to M2233445. Sorry if I'm catching you at a bad time.",M2233445,91,99,27,10.8,Indian-English Male 1,male,Indian-English,wJ5MX7uuKXZwFqGdWM4N
Health Data,Date of Birth,DOB-01,"Hi, thanks for picking up. My date of birth is March 4th, 1988, if you need that for verification. Let me know if you need anything else from me.","March 4th, 1988",47,62,29,11.6,African-American Female 1,female,African-American,jmovCppyUT0hdwQb6rmj
Health Data,Date of Birth,DOB-02,"Hey, sorry to bother you again today. My date of birth is July 19th, 1975, if you need that for verification. Take your time pulling that up, no rush at all.","July 19th, 1975",58,73,31,12.4,Canadian Male 1,male,Canadian,SHJeg1jtED7EW6Zr6rHc
Health Data,Date of Birth,DOB-03,"Hi there, I hope you can help me with something. My date of birth is November 2nd, 1993, if you need that for verification. I really appreciate your help with this today.","November 2nd, 1993",69,87,32,12.8,American Male 1,male,American,C1npRmjB19a6yNkEucvx
Health Data,Date of Birth,DOB-04,"Good afternoon, thanks so much for your patience. My date of birth is January 30th, 1982, if you need that for verification. Thanks so much, I know it's a busy day for you.","January 30th, 1982",70,88,33,13.2,American Female 1,female,American,8nrCzpcW3j4By5SgCxTv
Health Data,Date of Birth,DOB-05,"Hi, I really appreciate you taking my call. My date of birth is September 14th, 1969, if you need that for verification. Sorry if I'm catching you at a bad time.","September 14th, 1969",64,84,31,12.4,British Male 1,male,British,zOzKXdLgsgWMld5cH9Be
Employment Data,Dates of employment,DOE-01,"Hi, thanks for picking up. I started working there on June 3rd, 2019. Let me know if you need anything else from me.","June 3rd, 2019",54,68,23,9.2,American Male 1,male,American,C1npRmjB19a6yNkEucvx
Employment Data,Dates of employment,DOE-02,"Hey, sorry to bother you again today. I started working there on September 12th, 2021. Take your time pulling that up, no rush at all.","September 12th, 2021",65,85,25,10.0,American Female 1,female,American,8nrCzpcW3j4By5SgCxTv
Employment Data,Dates of employment,DOE-03,"Hi there, I hope you can help me with something. I started working there on January 15th, 2017. I really appreciate your help with this today.","January 15th, 2017",76,94,26,10.4,British Male 1,male,British,zOzKXdLgsgWMld5cH9Be
Employment Data,Dates of employment,DOE-04,"Good afternoon, thanks so much for your patience. I started working there on March 28th, 2020. Thanks so much, I know it's a busy day for you.","March 28th, 2020",77,93,27,10.8,British Female 1,female,British,9rh371MqHF5jaDZ7VPvk
Employment Data,Dates of employment,DOE-05,"Hi, I really appreciate you taking my call. I started working there on November 9th, 2018. Sorry if I'm catching you at a bad time.","November 9th, 2018",71,89,25,10.0,Australian Male 1,male,Australian,PA1XYeK584cPbgobwKAc
General Information,Date Range,DR-01,"Hi, thanks for picking up. I'll be traveling from July 10th through July 24th, so please hold my mail. Let me know if you need anything else from me.",July 10th through July 24th,50,77,29,11.6,Australian Female 1,female,Australian,zMK1eWY5DTw3Jjb8efU8
General Information,Date Range,DR-02,"Hey, sorry to bother you again today. I'll be traveling from August 1st to August 15th, so please hold my mail. Take your time pulling that up, no rush at all.",August 1st to August 15th,61,86,31,12.4,Indian-English Male 1,male,Indian-English,wJ5MX7uuKXZwFqGdWM4N
General Information,Date Range,DR-03,"Hi there, I hope you can help me with something. I'll be traveling from June 5th through June 12th, so please hold my mail. I really appreciate your help with this today.",June 5th through June 12th,72,98,32,12.8,Indian-English Female 1,female,Indian-English,GBJyJih8mGoasC7OSR50
General Information,Date Range,DR-04,"Good afternoon, thanks so much for your patience. I'll be traveling from September 3rd to September 20th, so please hold my mail. Thanks so much, I know it's a busy day for you.",September 3rd to September 20th,73,104,33,13.2,Southern US Male 1,male,Southern US,KuXMdv13akTyq5yqH15d
General Information,Date Range,DR-05,"Hi, I really appreciate you taking my call. I'll be traveling from October 1st through October 9th, so please hold my mail. Sorry if I'm catching you at a bad time.",October 1st through October 9th,67,98,31,12.4,Irish Female 1,female,Irish,0VXT7iQ2kXG7EERbbG9T
Health Data,Disability Status,DS-01,"Hi, thanks for picking up. I'm registered as disabled due to a spinal cord injury. Let me know if you need anything else from me.",a spinal cord injury,61,81,25,10.0,Irish Female 1,female,Irish,0VXT7iQ2kXG7EERbbG9T
Health Data,Disability Status,DS-02,"Hey, sorry to bother you again today. I'm registered as disabled due to chronic migraines. Take your time pulling that up, no rush at all.",chronic migraines,72,89,25,10.0,African-American Female 1,female,African-American,jmovCppyUT0hdwQb6rmj
Health Data,Disability Status,DS-03,"Hi there, I hope you can help me with something. I'm registered as disabled due to hearing loss. I really appreciate your help with this today.",hearing loss,83,95,26,10.4,Canadian Male 1,male,Canadian,SHJeg1jtED7EW6Zr6rHc
Health Data,Disability Status,DS-04,"Good afternoon, thanks so much for your patience. I'm registered as disabled due to a mobility impairment. Thanks so much, I know it's a busy day for you.",a mobility impairment,84,105,28,11.2,American Male 1,male,American,C1npRmjB19a6yNkEucvx
Health Data,Disability Status,DS-05,"Hi, I really appreciate you taking my call. I'm registered as disabled due to vision impairment. Sorry if I'm catching you at a bad time.",vision impairment,78,95,25,10.0,American Female 1,female,American,8nrCzpcW3j4By5SgCxTv
Health Data,European Health Insurance Card (EHIC),EHICE-01,"Hi, thanks for picking up. My EHIC number is 80123456789012345, can you pull that up? Let me know if you need anything else from me.",80123456789012345,45,62,25,10.0,African-American Female 1,female,African-American,jmovCppyUT0hdwQb6rmj
Health Data,European Health Insurance Card (EHIC),EHICE-02,"Hey, sorry to bother you again today. Yes, my EHIC number is 80987654321098765. Take your time pulling that up, no rush at all.",80987654321098765,61,78,23,9.2,Canadian Male 1,male,Canadian,SHJeg1jtED7EW6Zr6rHc
Health Data,European Health Insurance Card (EHIC),EHICE-03,"Hi there, I hope you can help me with something. The EHIC number on file should be 80456789123456789. I really appreciate your help with this today.",80456789123456789,83,100,26,10.4,American Male 1,male,American,C1npRmjB19a6yNkEucvx
Health Data,European Health Insurance Card (EHIC),EHICE-04,"Good afternoon, thanks so much for your patience. Let me read that off, my EHIC number is 80321654987321654. Thanks so much, I know it's a busy day for you.",80321654987321654,90,107,29,11.6,American Female 1,female,American,8nrCzpcW3j4By5SgCxTv
Health Data,European Health Insurance Card (EHIC),EHICE-05,"Hi, I really appreciate you taking my call. I need to update my EHIC number to 80789123456789123. Sorry if I'm catching you at a bad time.",80789123456789123,79,96,26,10.4,British Male 1,male,British,zOzKXdLgsgWMld5cH9Be
Employment Data,Employee ID,EI-01,"Hi, thanks for picking up. My employee ID is EMP-48291, could you confirm that's correct? Let me know if you need anything else from me.",EMP-48291,45,54,25,10.0,American Female 1,female,American,8nrCzpcW3j4By5SgCxTv
Employment Data,Employee ID,EI-02,"Hey, sorry to bother you again today. I need to update my employee ID to EMP-90218. Take your time pulling that up, no rush at all.",EMP-90218,73,82,26,10.4,British Male 1,male,British,zOzKXdLgsgWMld5cH9Be
Employment Data,Employee ID,EI-03,"Hi there, I hope you can help me with something. For payroll, my employee ID is EMP-55642. I really appreciate your help with this today.",EMP-55642,80,89,25,10.0,British Female 1,female,British,9rh371MqHF5jaDZ7VPvk
Employment Data,Employee ID,EI-04,"Good afternoon, thanks so much for your patience. Let me read that off, my employee ID is EMP-77310. Thanks so much, I know it's a busy day for you.",EMP-77310,90,99,29,11.6,Australian Male 1,male,Australian,PA1XYeK584cPbgobwKAc
Employment Data,Employee ID,EI-05,"Hi, I really appreciate you taking my call. The employee ID listed on my file says EMP-11882. Sorry if I'm catching you at a bad time.",EMP-11882,83,92,26,10.4,Australian Female 1,female,Australian,zMK1eWY5DTw3Jjb8efU8
Employment Data,Employer name,EN-01,"Hi, thanks for picking up. My employer is Bright Horizon Logistics, could you confirm that's correct? Let me know if you need anything else from me.",Bright Horizon Logistics,42,66,26,10.4,Indian-English Male 1,male,Indian-English,wJ5MX7uuKXZwFqGdWM4N
Employment Data,Employer name,EN-02,"Hey, sorry to bother you again today. I need to update my employer to Sable & Rowe Consulting. Take your time pulling that up, no rush at all.",Sable & Rowe Consulting,70,93,28,11.2,Indian-English Female 1,female,Indian-English,GBJyJih8mGoasC7OSR50
Employment Data,Employer name,EN-03,"Hi there, I hope you can help me with something. For verification, my employer is Northgate Manufacturing. I really appreciate your help with this today.",Northgate Manufacturing,82,105,25,10.0,Southern US Male 1,male,Southern US,KuXMdv13akTyq5yqH15d
Employment Data,Employer name,EN-04,"Good afternoon, thanks so much for your patience. Let me read that off, my employer is Cedarview Financial Group. Thanks so much, I know it's a busy day for you.",Cedarview Financial Group,87,112,30,12.0,Irish Female 1,female,Irish,0VXT7iQ2kXG7EERbbG9T
Employment Data,Employer name,EN-05,"Hi, I really appreciate you taking my call. The employer listed on my file says Palmetto Retail Partners. Sorry if I'm catching you at a bad time.",Palmetto Retail Partners,80,104,27,10.8,African-American Female 1,female,African-American,jmovCppyUT0hdwQb6rmj
General Information,Event Name,EVN-01,"Hi, thanks for picking up. I'm calling about my registration for the Denver Marathon. Let me know if you need anything else from me.",the Denver Marathon,65,84,24,9.6,African-American Female 1,female,African-American,jmovCppyUT0hdwQb6rmj
General Information,Event Name,EVN-02,"Hey, sorry to bother you again today. I'm calling about my registration for the Austin Tech Summit. Take your time pulling that up, no rush at all.",the Austin Tech Summit,76,98,27,10.8,Canadian Male 1,male,Canadian,SHJeg1jtED7EW6Zr6rHc
General Information,Event Name,EVN-03,"Hi there, I hope you can help me with something. I'm calling about my registration for the Seattle Food Festival. I really appreciate your help with this today.",the Seattle Food Festival,87,112,28,11.2,American Male 1,male,American,C1npRmjB19a6yNkEucvx
General Information,Event Name,EVN-04,"Good afternoon, thanks so much for your patience. I'm calling about my registration for the Columbus Home Show. Thanks so much, I know it's a busy day for you.",the Columbus Home Show,88,110,29,11.6,American Female 1,female,American,8nrCzpcW3j4By5SgCxTv
General Information,Event Name,EVN-05,"Hi, I really appreciate you taking my call. I'm calling about my registration for the Raleigh Jazz Festival. Sorry if I'm catching you at a bad time.",the Raleigh Jazz Festival,82,107,27,10.8,British Male 1,male,British,zOzKXdLgsgWMld5cH9Be
Financial Data,Financial history,FH-01,"Hi, thanks for picking up. I've had this account in good standing since 2016. Let me know if you need anything else from me.",2016,72,76,24,9.6,Southern US Male 1,male,Southern US,KuXMdv13akTyq5yqH15d
Financial Data,Financial history,FH-02,"Hey, sorry to bother you again today. I've had this account in good standing since 2009. Take your time pulling that up, no rush at all.",2009,83,87,26,10.4,Irish Female 1,female,Irish,0VXT7iQ2kXG7EERbbG9T
Financial Data,Financial history,FH-03,"Hi there, I hope you can help me with something. I've had this account in good standing since 2021. I really appreciate your help with this today.",2021,94,98,27,10.8,African-American Female 1,female,African-American,jmovCppyUT0hdwQb6rmj
Financial Data,Financial history,FH-04,"Good afternoon, thanks so much for your patience. I've had this account in good standing since 2012. Thanks so much, I know it's a busy day for you.",2012,95,99,28,11.2,Canadian Male 1,male,Canadian,SHJeg1jtED7EW6Zr6rHc
Financial Data,Financial history,FH-05,"Hi, I really appreciate you taking my call. I've had this account in good standing since 2018. Sorry if I'm catching you at a bad time.",2018,89,93,26,10.4,American Male 1,male,American,C1npRmjB19a6yNkEucvx
Digital identifiers,File Name,FIN-01,"Hi, thanks for picking up. The file I need help recovering is called Q3_budget_final.xlsx. Let me know if you need anything else from me.",Q3_budget_final.xlsx,69,89,24,9.6,British Male 1,male,British,zOzKXdLgsgWMld5cH9Be
Digital identifiers,File Name,FIN-02,"Hey, sorry to bother you again today. The file I need help recovering is called resume_updated_2024.docx. Take your time pulling that up, no rush at all.",resume_updated_2024.docx,80,104,26,10.4,British Female 1,female,British,9rh371MqHF5jaDZ7VPvk
Digital identifiers,File Name,FIN-03,"Hi there, I hope you can help me with something. The file I need help recovering is called family_photos_backup.zip. I really appreciate your help with this today.",family_photos_backup.zip,91,115,27,10.8,Australian Male 1,male,Australian,PA1XYeK584cPbgobwKAc
Digital identifiers,File Name,FIN-04,"Good afternoon, thanks so much for your patience. The file I need help recovering is called tax_return_2023.pdf. Thanks so much, I know it's a busy day for you.",tax_return_2023.pdf,92,111,28,11.2,Australian Female 1,female,Australian,zMK1eWY5DTw3Jjb8efU8
Digital identifiers,File Name,FIN-05,"Hi, I really appreciate you taking my call. The file I need help recovering is called project_plan_v2.pptx. Sorry if I'm catching you at a bad time.",project_plan_v2.pptx,86,106,26,10.4,Indian-English Male 1,male,Indian-English,wJ5MX7uuKXZwFqGdWM4N
Full Name,First name,FN-01,"Hi, thanks for picking up. Hi, this is Michael calling to check on my order status from yesterday. Let me know if you need anything else from me.",Michael,39,46,28,11.2,American Male 1,male,American,C1npRmjB19a6yNkEucvx
Full Name,First name,FN-02,"Hey, sorry to bother you again today. Can you look up the account under the first name Sarah, please? Take your time pulling that up, no rush at all.",Sarah,87,92,29,11.6,American Female 1,female,American,8nrCzpcW3j4By5SgCxTv
Full Name,First name,FN-03,"Hi there, I hope you can help me with something. Sure, for the record, my first name is Devon, D-E-V-O-N. I really appreciate your help with this today.",Devon,88,93,28,11.2,British Male 1,male,British,zOzKXdLgsgWMld5cH9Be
Full Name,First name,FN-04,"Good afternoon, thanks so much for your patience. I need to update the first name on file to Priya, it was misspelled. Thanks so much, I know it's a busy day for you.",Priya,93,98,33,13.2,British Female 1,female,British,9rh371MqHF5jaDZ7VPvk
Full Name,First name,FN-05,"Hi, I really appreciate you taking my call. This is Julian, I'm calling about a billing issue on my account. Sorry if I'm catching you at a bad time.",Julian,52,58,29,11.6,Australian Male 1,male,Australian,PA1XYeK584cPbgobwKAc
Full Name,Full name,FUN-01,"Hi, thanks for picking up. Hi, this is Michael Thompson calling to check on my order status. Let me know if you need anything else from me.",Michael Thompson,39,55,27,10.8,African-American Female 1,female,African-American,jmovCppyUT0hdwQb6rmj
Full Name,Full name,FUN-02,"Hey, sorry to bother you again today. Can you look up the account under the name Sarah Alvarez, please? Take your time pulling that up, no rush at all.",Sarah Alvarez,81,94,29,11.6,Canadian Male 1,male,Canadian,SHJeg1jtED7EW6Zr6rHc
Full Name,Full name,FUN-03,"Hi there, I hope you can help me with something. Yes, Devon Chen is the account holder, that's correct. I really appreciate your help with this today.",Devon Chen,54,64,27,10.8,American Male 1,male,American,C1npRmjB19a6yNkEucvx
Full Name,Full name,FUN-04,"Good afternoon, thanks so much for your patience. I need to update the name on file to Priya Nakamura. Thanks so much, I know it's a busy day for you.",Priya Nakamura,87,101,30,12.0,American Female 1,female,American,8nrCzpcW3j4By5SgCxTv
Full Name,Full name,FUN-05,"Hi, I really appreciate you taking my call. This is Julian O'Brien, calling about a billing issue on my account. Sorry if I'm catching you at a bad time.",Julian O'Brien,52,66,29,11.6,British Male 1,male,British,zOzKXdLgsgWMld5cH9Be
Health Data,Gender,G-01,"Hi, thanks for picking up. My gender is female, if that's what the form is asking for. Let me know if you need anything else from me.",female,40,46,27,10.8,British Female 1,female,British,9rh371MqHF5jaDZ7VPvk
Health Data,Gender,G-02,"Hey, sorry to bother you again today. My gender is male, if that's what the form is asking for. Take your time pulling that up, no rush at all.",male,51,55,29,11.6,Australian Male 1,male,Australian,PA1XYeK584cPbgobwKAc
Health Data,Gender,G-03,"Hi there, I hope you can help me with something. My gender is non-binary, if that's what the form is asking for. I really appreciate your help with this today.",non-binary,62,72,30,12.0,Australian Female 1,female,Australian,zMK1eWY5DTw3Jjb8efU8
Health Data,Gender,G-04,"Good afternoon, thanks so much for your patience. My gender is female, please make sure that's updated on file. Thanks so much, I know it's a busy day for you.",female,63,69,30,12.0,Indian-English Male 1,male,Indian-English,wJ5MX7uuKXZwFqGdWM4N
Health Data,Gender,G-05,"Hi, I really appreciate you taking my call. My gender is male, please make sure that's updated on file. Sorry if I'm catching you at a bad time.",male,57,61,28,11.2,Indian-English Female 1,female,Indian-English,GBJyJih8mGoasC7OSR50
Health Data,Genetic / DNA Information,GDI-01,"Hi, thanks for picking up. My genetic test showed I carry the BRCA1 marker. Let me know if you need anything else from me.",BRCA1,62,67,24,9.6,American Male 1,male,American,C1npRmjB19a6yNkEucvx
Health Data,Genetic / DNA Information,GDI-02,"Hey, sorry to bother you again today. My genetic test showed I carry the CFTR marker. Take your time pulling that up, no rush at all.",CFTR,73,77,26,10.4,American Female 1,female,American,8nrCzpcW3j4By5SgCxTv
Health Data,Genetic / DNA Information,GDI-03,"Hi there, I hope you can help me with something. My genetic test showed I carry the APOE4 marker. I really appreciate your help with this today.",APOE4,84,89,27,10.8,British Male 1,male,British,zOzKXdLgsgWMld5cH9Be
Health Data,Genetic / DNA Information,GDI-04,"Good afternoon, thanks so much for your patience. My genetic test showed I carry the HFE marker. Thanks so much, I know it's a busy day for you.",HFE,85,88,28,11.2,British Female 1,female,British,9rh371MqHF5jaDZ7VPvk
Health Data,Genetic / DNA Information,GDI-05,"Hi, I really appreciate you taking my call. My genetic test showed I carry the MTHFR marker. Sorry if I'm catching you at a bad time.",MTHFR,79,84,26,10.4,Australian Male 1,male,Australian,PA1XYeK584cPbgobwKAc
Health Data,Global Health Insurance Card (GHIC) (UK),GHICGU-01,"Hi, thanks for picking up. My GHIC number is GH80123456, can you pull that up? Let me know if you need anything else from me.",GH80123456,45,55,25,10.0,British Female 1,female,British,9rh371MqHF5jaDZ7VPvk
Health Data,Global Health Insurance Card (GHIC) (UK),GHICGU-02,"Hey, sorry to bother you again today. Yes, my GHIC number is GH80987654. Take your time pulling that up, no rush at all.",GH80987654,61,71,23,9.2,Australian Male 1,male,Australian,PA1XYeK584cPbgobwKAc
Health Data,Global Health Insurance Card (GHIC) (UK),GHICGU-03,"Hi there, I hope you can help me with something. The GHIC number on file should be GH80456789. I really appreciate your help with this today.",GH80456789,83,93,26,10.4,Australian Female 1,female,Australian,zMK1eWY5DTw3Jjb8efU8
Health Data,Global Health Insurance Card (GHIC) (UK),GHICGU-04,"Good afternoon, thanks so much for your patience. Let me read that off, my GHIC number is GH80321654. Thanks so much, I know it's a busy day for you.",GH80321654,90,100,29,11.6,Indian-English Male 1,male,Indian-English,wJ5MX7uuKXZwFqGdWM4N
Health Data,Global Health Insurance Card (GHIC) (UK),GHICGU-05,"Hi, I really appreciate you taking my call. I need to update my GHIC number to GH80789123. Sorry if I'm catching you at a bad time.",GH80789123,79,89,26,10.4,Indian-English Female 1,female,Indian-English,GBJyJih8mGoasC7OSR50
Contact Information,Home address,HA-01,"Hi, thanks for picking up. Please mail the replacement card to 482 Willowbrook Lane, Denver. Let me know if you need anything else from me.","482 Willowbrook Lane, Denver",63,91,25,10.0,Indian-English Female 1,female,Indian-English,GBJyJih8mGoasC7OSR50
Contact Information,Home address,HA-02,"Hey, sorry to bother you again today. My home address is 1290 Ridgefield Court, Austin, could you confirm that? Take your time pulling that up, no rush at all.","1290 Ridgefield Court, Austin",57,86,29,11.6,Southern US Male 1,male,Southern US,KuXMdv13akTyq5yqH15d
Contact Information,Home address,HA-03,"Hi there, I hope you can help me with something. Yes, I still live at 77 Harbor View Drive, Seattle. I really appreciate your help with this today.","77 Harbor View Drive, Seattle",70,99,28,11.2,Irish Female 1,female,Irish,0VXT7iQ2kXG7EERbbG9T
Contact Information,Home address,HA-04,"Good afternoon, thanks so much for your patience. I moved recently, so my new address is 356 Maple Terrace, Columbus. Thanks so much, I know it's a busy day for you.","356 Maple Terrace, Columbus",89,116,31,12.4,African-American Female 1,female,African-American,jmovCppyUT0hdwQb6rmj
Contact Information,Home address,HA-05,"Hi, I really appreciate you taking my call. The delivery should go to 94 Fairview Road, Raleigh. Sorry if I'm catching you at a bad time.","94 Fairview Road, Raleigh",70,95,26,10.4,Canadian Male 1,male,Canadian,SHJeg1jtED7EW6Zr6rHc
Health Data,Health Insurance ID,HII-01,"Hi, thanks for picking up. My insurance ID number is HI-4482910, can you pull that up? Let me know if you need anything else from me.",HI-4482910,53,63,26,10.4,American Male 1,male,American,C1npRmjB19a6yNkEucvx
Health Data,Health Insurance ID,HII-02,"Hey, sorry to bother you again today. Yes, my insurance ID number is HI-9028173. Take your time pulling that up, no rush at all.",HI-9028173,69,79,24,9.6,American Female 1,female,American,8nrCzpcW3j4By5SgCxTv
Health Data,Health Insurance ID,HII-03,"Hi there, I hope you can help me with something. The insurance ID on file should be HI-5564231. I really appreciate your help with this today.",HI-5564231,84,94,26,10.4,British Male 1,male,British,zOzKXdLgsgWMld5cH9Be
Health Data,Health Insurance ID,HII-04,"Good afternoon, thanks so much for your patience. Let me read that off, my insurance ID number is HI-7731094. Thanks so much, I know it's a busy day for you.",HI-7731094,98,108,30,12.0,British Female 1,female,British,9rh371MqHF5jaDZ7VPvk
Health Data,Health Insurance ID,HII-05,"Hi, I really appreciate you taking my call. I need to update my insurance ID to HI-1188297. Sorry if I'm catching you at a bad time.",HI-1188297,80,90,26,10.4,Australian Male 1,male,Australian,PA1XYeK584cPbgobwKAc
Digital identifiers,IP Address,IA-01,"Hi, thanks for picking up. My IP address is 192.168.1.44, that's what's showing the error. Let me know if you need anything else from me.",192.168.1.44,44,56,25,10.0,Australian Male 1,male,Australian,PA1XYeK584cPbgobwKAc
Digital identifiers,IP Address,IA-02,"Hey, sorry to bother you again today. My IP address is 10.0.0.87, that's what's showing the error. Take your time pulling that up, no rush at all.",10.0.0.87,55,64,27,10.8,Australian Female 1,female,Australian,zMK1eWY5DTw3Jjb8efU8
Digital identifiers,IP Address,IA-03,"Hi there, I hope you can help me with something. My IP address is 172.16.254.3, that's what's showing the error. I really appreciate your help with this today.",172.16.254.3,66,78,28,11.2,Indian-English Male 1,male,Indian-English,wJ5MX7uuKXZwFqGdWM4N
Digital identifiers,IP Address,IA-04,"Good afternoon, thanks so much for your patience. My IP address is 203.0.113.19, that's what's showing the error. Thanks so much, I know it's a busy day for you.",203.0.113.19,67,79,29,11.6,Indian-English Female 1,female,Indian-English,GBJyJih8mGoasC7OSR50
Digital identifiers,IP Address,IA-05,"Hi, I really appreciate you taking my call. My IP address is 198.51.100.22, that's what's showing the error. Sorry if I'm catching you at a bad time.",198.51.100.22,61,74,27,10.8,Southern US Male 1,male,Southern US,KuXMdv13akTyq5yqH15d
Financial Data,Investment / Brokerage Account Info,IBAI-01,"Hi, thanks for picking up. My brokerage account number is BRK-448291, can you confirm the balance? Let me know if you need anything else from me.",BRK-448291,58,68,26,10.4,Indian-English Male 1,male,Indian-English,wJ5MX7uuKXZwFqGdWM4N
Financial Data,Investment / Brokerage Account Info,IBAI-02,"Hey, sorry to bother you again today. My brokerage account number is BRK-902317, can you confirm the balance? Take your time pulling that up, no rush at all.",BRK-902317,69,79,28,11.2,Indian-English Female 1,female,Indian-English,GBJyJih8mGoasC7OSR50
Financial Data,Investment / Brokerage Account Info,IBAI-03,"Hi there, I hope you can help me with something. My brokerage account number is BRK-556423, can you confirm the balance? I really appreciate your help with this today.",BRK-556423,80,90,29,11.6,Southern US Male 1,male,Southern US,KuXMdv13akTyq5yqH15d
Financial Data,Investment / Brokerage Account Info,IBAI-04,"Good afternoon, thanks so much for your patience. My brokerage account number is BRK-773190, can you confirm the balance? Thanks so much, I know it's a busy day for you.",BRK-773190,81,91,30,12.0,Irish Female 1,female,Irish,0VXT7iQ2kXG7EERbbG9T
Financial Data,Investment / Brokerage Account Info,IBAI-05,"Hi, I really appreciate you taking my call. My brokerage account number is BRK-114829, can you confirm the balance? Sorry if I'm catching you at a bad time.",BRK-114829,75,85,28,11.2,African-American Female 1,female,African-American,jmovCppyUT0hdwQb6rmj
Financial Data,IBAN (EU),IE-01,"Hi, thanks for picking up. My IBAN is DE89 3704 0044 0532 0130 00, go ahead and set up the transfer. Let me know if you need anything else from me.",DE89 3704 0044 0532 0130 00,38,65,31,12.4,Indian-English Female 1,female,Indian-English,GBJyJih8mGoasC7OSR50
Financial Data,IBAN (EU),IE-02,"Hey, sorry to bother you again today. The IBAN on file is FR14 2004 1010 0505 0001 3M02 606. Take your time pulling that up, no rush at all.",FR14 2004 1010 0505 0001 3M02 606,58,91,29,11.6,Southern US Male 1,male,Southern US,KuXMdv13akTyq5yqH15d
Financial Data,IBAN (EU),IE-03,"Hi there, I hope you can help me with something. Can you check the IBAN, it should read ES91 2100 0418 4502 0005 1332? I really appreciate your help with this today.",ES91 2100 0418 4502 0005 1332,88,117,32,12.8,Irish Female 1,female,Irish,0VXT7iQ2kXG7EERbbG9T
Financial Data,IBAN (EU),IE-04,"Good afternoon, thanks so much for your patience. I'd like to update my IBAN to NL91 ABNA 0417 1643 00. Thanks so much, I know it's a busy day for you.",NL91 ABNA 0417 1643 00,80,102,31,12.4,African-American Female 1,female,African-American,jmovCppyUT0hdwQb6rmj
Financial Data,IBAN (EU),IE-05,"Hi, I really appreciate you taking my call. Let me give you the IBAN, it's IT60 X054 2811 1010 0000 0123 456. Sorry if I'm catching you at a bad time.",IT60 X054 2811 1010 0000 0123 456,75,108,31,12.4,Canadian Male 1,male,Canadian,SHJeg1jtED7EW6Zr6rHc
Employment Data,Immigration / Work Authorization Status,IWAS-01,"Hi, thanks for picking up. My work visa is an H-1B, so I wanted to confirm my status. Let me know if you need anything else from me.",an H-1B,43,50,28,11.2,British Female 1,female,British,9rh371MqHF5jaDZ7VPvk
Employment Data,Immigration / Work Authorization Status,IWAS-02,"Hey, sorry to bother you again today. My work visa is, I'm a green card holder, so I wanted to confirm my status. Take your time pulling that up, no rush at all.",a green card holder,59,78,33,13.2,Australian Male 1,male,Australian,PA1XYeK584cPbgobwKAc
Employment Data,Immigration / Work Authorization Status,IWAS-03,"Hi there, I hope you can help me with something. My work visa is a TN visa, so I wanted to confirm my status. I really appreciate your help with this today.",a TN visa,65,74,32,12.8,Australian Female 1,female,Australian,zMK1eWY5DTw3Jjb8efU8
Employment Data,Immigration / Work Authorization Status,IWAS-04,"Good afternoon, thanks so much for your patience. My work visa is an F-1 with OPT, so I wanted to confirm my status. Thanks so much, I know it's a busy day for you.",an F-1 with OPT,66,81,34,13.6,Indian-English Male 1,male,Indian-English,wJ5MX7uuKXZwFqGdWM4N
Employment Data,Immigration / Work Authorization Status,IWAS-05,"Hi, I really appreciate you taking my call. My work visa is an L-1, so I wanted to confirm my status. Sorry if I'm catching you at a bad time.",an L-1,60,66,30,12.0,Indian-English Female 1,female,Indian-English,GBJyJih8mGoasC7OSR50
Employment Data,Job Title,JT-01,"Hi, thanks for picking up. My job title is Senior Operations Analyst, could you confirm that's correct? Let me know if you need anything else from me.",Senior Operations Analyst,43,68,27,10.8,Australian Male 1,male,Australian,PA1XYeK584cPbgobwKAc
Employment Data,Job Title,JT-02,"Hey, sorry to bother you again today. I need to update my job title to Regional Sales Manager. Take your time pulling that up, no rush at all.",Regional Sales Manager,71,93,28,11.2,Australian Female 1,female,Australian,zMK1eWY5DTw3Jjb8efU8
Employment Data,Job Title,JT-03,"Hi there, I hope you can help me with something. For payroll, my job title is Software Engineer II. I really appreciate your help with this today.",Software Engineer II,78,98,27,10.8,Indian-English Male 1,male,Indian-English,wJ5MX7uuKXZwFqGdWM4N
Employment Data,Job Title,JT-04,"Good afternoon, thanks so much for your patience. Let me read that off, my job title is Accounts Payable Clerk. Thanks so much, I know it's a busy day for you.",Accounts Payable Clerk,88,110,31,12.4,Indian-English Female 1,female,Indian-English,GBJyJih8mGoasC7OSR50
Employment Data,Job Title,JT-05,"Hi, I really appreciate you taking my call. The job title listed on my file says Warehouse Shift Supervisor. Sorry if I'm catching you at a bad time.",Warehouse Shift Supervisor,81,107,28,11.2,Southern US Male 1,male,Southern US,KuXMdv13akTyq5yqH15d
General Information,Location Coordinates,LC-01,"Hi, thanks for picking up. The delivery location is at coordinates 39.7392, -104.9903. Let me know if you need anything else from me.","39.7392, -104.9903",67,85,23,9.2,British Female 1,female,British,9rh371MqHF5jaDZ7VPvk
General Information,Location Coordinates,LC-02,"Hey, sorry to bother you again today. The delivery location is at coordinates 30.2672, -97.7431. Take your time pulling that up, no rush at all.","30.2672, -97.7431",78,95,25,10.0,Australian Male 1,male,Australian,PA1XYeK584cPbgobwKAc
General Information,Location Coordinates,LC-03,"Hi there, I hope you can help me with something. The delivery location is at coordinates 47.6062, -122.3321. I really appreciate your help with this today.","47.6062, -122.3321",89,107,26,10.4,Australian Female 1,female,Australian,zMK1eWY5DTw3Jjb8efU8
General Information,Location Coordinates,LC-04,"Good afternoon, thanks so much for your patience. The delivery location is at coordinates 39.9612, -82.9988. Thanks so much, I know it's a busy day for you.","39.9612, -82.9988",90,107,27,10.8,Indian-English Male 1,male,Indian-English,wJ5MX7uuKXZwFqGdWM4N
General Information,Location Coordinates,LC-05,"Hi, I really appreciate you taking my call. The delivery location is at coordinates 35.7796, -78.6382. Sorry if I'm catching you at a bad time.","35.7796, -78.6382",84,101,25,10.0,Indian-English Female 1,female,Indian-English,GBJyJih8mGoasC7OSR50
Financial Data,Loan/Mortgage details,LMD-01,"Hi, thanks for picking up. My mortgage balance is $212,400 with a rate of 4.2 percent. Let me know if you need anything else from me.","$212,400.00",50,58,26,10.4,American Female 1,female,American,8nrCzpcW3j4By5SgCxTv
Financial Data,Loan/Mortgage details,LMD-02,"Hey, sorry to bother you again today. My mortgage balance is $88,900 with a rate of 3.9 percent. Take your time pulling that up, no rush at all.","$88,900.00",61,68,28,11.2,British Male 1,male,British,zOzKXdLgsgWMld5cH9Be
Financial Data,Loan/Mortgage details,LMD-03,"Hi there, I hope you can help me with something. My mortgage balance is $340,000 with a rate of 5.1 percent. I really appreciate your help with this today.","$340,000.00",72,80,29,11.6,British Female 1,female,British,9rh371MqHF5jaDZ7VPvk
Financial Data,Loan/Mortgage details,LMD-04,"Good afternoon, thanks so much for your patience. My mortgage balance is $156,750 with a rate of 4.6 percent. Thanks so much, I know it's a busy day for you.","$156,750.00",73,81,30,12.0,Australian Male 1,male,Australian,PA1XYeK584cPbgobwKAc
Financial Data,Loan/Mortgage details,LMD-05,"Hi, I really appreciate you taking my call. My mortgage balance is $97,200 with a rate of 3.5 percent. Sorry if I'm catching you at a bad time.","$97,200.00",67,74,28,11.2,Australian Female 1,female,Australian,zMK1eWY5DTw3Jjb8efU8
Full Name,Last name,LN-01,"Hi, thanks for picking up. My last name is Thompson, same as it's always been on the account. Let me know if you need anything else from me.",Thompson,43,51,28,11.2,Australian Female 1,female,Australian,zMK1eWY5DTw3Jjb8efU8
Full Name,Last name,LN-02,"Hey, sorry to bother you again today. Can you check if the last name Alvarez is spelled correctly on my card? Take your time pulling that up, no rush at all.",Alvarez,69,76,31,12.4,Indian-English Male 1,male,Indian-English,wJ5MX7uuKXZwFqGdWM4N
Full Name,Last name,LN-03,"Hi there, I hope you can help me with something. Yes, it's Chen, C-H-E-N, that's my last name. I really appreciate your help with this today.",Chen,59,63,26,10.4,Indian-English Female 1,female,Indian-English,GBJyJih8mGoasC7OSR50
Full Name,Last name,LN-04,"Good afternoon, thanks so much for your patience. I need to update my last name to O'Brien after getting married. Thanks so much, I know it's a busy day for you.",O'Brien,83,90,31,12.4,Southern US Male 1,male,Southern US,KuXMdv13akTyq5yqH15d
Full Name,Last name,LN-05,"Hi, I really appreciate you taking my call. The last name on the reservation should be Nakamura. Sorry if I'm catching you at a bad time.",Nakamura,87,95,26,10.4,Irish Female 1,female,Irish,0VXT7iQ2kXG7EERbbG9T
Health Data,Lab or Test Results,LOTR-01,"Hi, thanks for picking up. My last blood test came back showing elevated cholesterol. Let me know if you need anything else from me.",elevated cholesterol,64,84,24,9.6,Australian Male 1,male,Australian,PA1XYeK584cPbgobwKAc
Health Data,Lab or Test Results,LOTR-02,"Hey, sorry to bother you again today. My last blood test came back showing low iron levels. Take your time pulling that up, no rush at all.",low iron levels,75,90,27,10.8,Australian Female 1,female,Australian,zMK1eWY5DTw3Jjb8efU8
Health Data,Lab or Test Results,LOTR-03,"Hi there, I hope you can help me with something. My last blood test came back showing a slightly high A1C. I really appreciate your help with this today.",a slightly high A1C,86,105,29,11.6,Indian-English Male 1,male,Indian-English,wJ5MX7uuKXZwFqGdWM4N
Health Data,Lab or Test Results,LOTR-04,"Good afternoon, thanks so much for your patience. My last blood test came back showing normal thyroid function. Thanks so much, I know it's a busy day for you.",normal thyroid function,87,110,29,11.6,Indian-English Female 1,female,Indian-English,GBJyJih8mGoasC7OSR50
Health Data,Lab or Test Results,LOTR-05,"Hi, I really appreciate you taking my call. My last blood test came back showing elevated liver enzymes. Sorry if I'm catching you at a bad time.",elevated liver enzymes,81,103,27,10.8,Southern US Male 1,male,Southern US,KuXMdv13akTyq5yqH15d
General Information,License Plate Number,LPN-01,"Hi, thanks for picking up. My license plate number is 7XKP192. Let me know if you need anything else from me.",7XKP192,54,61,21,8.4,British Male 1,male,British,zOzKXdLgsgWMld5cH9Be
General Information,License Plate Number,LPN-02,"Hey, sorry to bother you again today. My license plate number is ABC-4471. Take your time pulling that up, no rush at all.",ABC-4471,65,73,23,9.2,British Female 1,female,British,9rh371MqHF5jaDZ7VPvk
General Information,License Plate Number,LPN-03,"Hi there, I hope you can help me with something. My license plate number is 9JLM203. I really appreciate your help with this today.",9JLM203,76,83,24,9.6,Australian Male 1,male,Australian,PA1XYeK584cPbgobwKAc
General Information,License Plate Number,LPN-04,"Good afternoon, thanks so much for your patience. My license plate number is QRT-8842. Thanks so much, I know it's a busy day for you.",QRT-8842,77,85,25,10.0,Australian Female 1,female,Australian,zMK1eWY5DTw3Jjb8efU8
General Information,License Plate Number,LPN-05,"Hi, I really appreciate you taking my call. My license plate number is 5FGH661. Sorry if I'm catching you at a bad time.",5FGH661,71,78,23,9.2,Indian-English Male 1,male,Indian-English,wJ5MX7uuKXZwFqGdWM4N
Contact Information,Mailing address,MA-01,"Hi, thanks for picking up. Please send statements to PO Box 4471, Denver, CO 80203. Let me know if you need anything else from me.","PO Box 4471, Denver, CO 80203",53,82,25,10.0,Southern US Male 1,male,Southern US,KuXMdv13akTyq5yqH15d
Contact Information,Mailing address,MA-02,"Hey, sorry to bother you again today. My mailing address is PO Box 118, Austin, TX 78704. Take your time pulling that up, no rush at all.","PO Box 118, Austin, TX 78704",60,88,27,10.8,Irish Female 1,female,Irish,0VXT7iQ2kXG7EERbbG9T
Contact Information,Mailing address,MA-03,"Hi there, I hope you can help me with something. Yes, use PO Box 902, Seattle, WA 98109 for all mail. I really appreciate your help with this today.","PO Box 902, Seattle, WA 98109",58,87,29,11.6,African-American Female 1,female,African-American,jmovCppyUT0hdwQb6rmj
Contact Information,Mailing address,MA-04,"Good afternoon, thanks so much for your patience. I need to update my mailing address to PO Box 356, Columbus, OH 43215. Thanks so much, I know it's a busy day for you.","PO Box 356, Columbus, OH 43215",89,119,33,13.2,Canadian Male 1,male,Canadian,SHJeg1jtED7EW6Zr6rHc
Contact Information,Mailing address,MA-05,"Hi, I really appreciate you taking my call. Send it to PO Box 27, Raleigh, NC 27609 instead, please. Sorry if I'm catching you at a bad time.","PO Box 27, Raleigh, NC 27609",55,83,28,11.2,American Male 1,male,American,C1npRmjB19a6yNkEucvx
Digital identifiers,MAC Address,MAA-01,"Hi, thanks for picking up. The MAC address on the router is 00:1A:2B:3C:4D:5E. Let me know if you need anything else from me.",00:1A:2B:3C:4D:5E,60,77,23,9.2,Irish Female 1,female,Irish,0VXT7iQ2kXG7EERbbG9T
Digital identifiers,MAC Address,MAA-02,"Hey, sorry to bother you again today. The MAC address on the router is AC:DE:48:00:11:22. Take your time pulling that up, no rush at all.",AC:DE:48:00:11:22,71,88,25,10.0,African-American Female 1,female,African-American,jmovCppyUT0hdwQb6rmj
Digital identifiers,MAC Address,MAA-03,"Hi there, I hope you can help me with something. The MAC address on the router is F0:9F:C2:11:22:33. I really appreciate your help with this today.",F0:9F:C2:11:22:33,82,99,26,10.4,Canadian Male 1,male,Canadian,SHJeg1jtED7EW6Zr6rHc
Digital identifiers,MAC Address,MAA-04,"Good afternoon, thanks so much for your patience. The MAC address on the router is 3C:5A:B4:9F:00:12. Thanks so much, I know it's a busy day for you.",3C:5A:B4:9F:00:12,83,100,27,10.8,American Male 1,male,American,C1npRmjB19a6yNkEucvx
Digital identifiers,MAC Address,MAA-05,"Hi, I really appreciate you taking my call. The MAC address on the router is B8:27:EB:44:55:66. Sorry if I'm catching you at a bad time.",B8:27:EB:44:55:66,77,94,25,10.0,American Female 1,female,American,8nrCzpcW3j4By5SgCxTv
Full Name,Maiden name,MAN-01,"Hi, thanks for picking up. My maiden name is Whitfield, before I got married last year. Let me know if you need anything else from me.",Whitfield,45,54,26,10.4,American Female 1,female,American,8nrCzpcW3j4By5SgCxTv
Full Name,Maiden name,MAN-02,"Hey, sorry to bother you again today. For verification, my mother's maiden name is Castillo. Take your time pulling that up, no rush at all.",Castillo,83,91,25,10.0,British Male 1,male,British,zOzKXdLgsgWMld5cH9Be
Full Name,Maiden name,MAN-03,"Hi there, I hope you can help me with something. My maiden name was Bergman, that might still be on file. I really appreciate your help with this today.",Bergman,68,75,29,11.6,British Female 1,female,British,9rh371MqHF5jaDZ7VPvk
Full Name,Maiden name,MAN-04,"Good afternoon, thanks so much for your patience. I go by Delgado now, but my maiden name was Delgado before. Thanks so much, I know it's a busy day for you.",Delgado,58,65,31,12.4,Australian Male 1,male,Australian,PA1XYeK584cPbgobwKAc
Full Name,Maiden name,MAN-05,"Hi, I really appreciate you taking my call. Yes, my maiden name is Osei, that's how it was listed originally. Sorry if I'm catching you at a bad time.",Osei,67,71,29,11.6,Australian Female 1,female,Australian,zMK1eWY5DTw3Jjb8efU8
Health Data,Mental Health Records,MHR-01,"Hi, thanks for picking up. I've been seeing a therapist for depression since last spring. Let me know if you need anything else from me.",depression,60,70,25,10.0,Canadian Male 1,male,Canadian,SHJeg1jtED7EW6Zr6rHc
Health Data,Mental Health Records,MHR-02,"Hey, sorry to bother you again today. I've been seeing a therapist for panic attacks since last spring. Take your time pulling that up, no rush at all.",panic attacks,71,84,28,11.2,American Male 1,male,American,C1npRmjB19a6yNkEucvx
Health Data,Mental Health Records,MHR-03,"Hi there, I hope you can help me with something. I've been seeing a therapist for PTSD since last spring. I really appreciate your help with this today.",PTSD,82,86,28,11.2,American Female 1,female,American,8nrCzpcW3j4By5SgCxTv
Health Data,Mental Health Records,MHR-04,"Good afternoon, thanks so much for your patience. I've been seeing a therapist for bipolar disorder since last spring. Thanks so much, I know it's a busy day for you.",bipolar disorder,83,99,30,12.0,British Male 1,male,British,zOzKXdLgsgWMld5cH9Be
Health Data,Mental Health Records,MHR-05,"Hi, I really appreciate you taking my call. I've been seeing a therapist for an eating disorder since last spring. Sorry if I'm catching you at a bad time.",an eating disorder,77,95,29,11.6,British Female 1,female,British,9rh371MqHF5jaDZ7VPvk
Full Name,Middle initial,MI-01,"Hi, thanks for picking up. My middle initial is J, that should already be on the account. Let me know if you need anything else from me.",J,48,49,27,10.8,Southern US Male 1,male,Southern US,KuXMdv13akTyq5yqH15d
Full Name,Middle initial,MI-02,"Hey, sorry to bother you again today. The form is asking for a middle initial, mine is R. Take your time pulling that up, no rush at all.",R,87,88,28,11.2,Irish Female 1,female,Irish,0VXT7iQ2kXG7EERbbG9T
Full Name,Middle initial,MI-03,"Hi there, I hope you can help me with something. Yes, put K as the middle initial, not the full name. I really appreciate your help with this today.",K,58,59,29,11.6,African-American Female 1,female,African-American,jmovCppyUT0hdwQb6rmj
Full Name,Middle initial,MI-04,"Good afternoon, thanks so much for your patience. My middle initial is M, like it says on my license. Thanks so much, I know it's a busy day for you.",M,50,51,30,12.0,Canadian Male 1,male,Canadian,SHJeg1jtED7EW6Zr6rHc
Full Name,Middle initial,MI-05,"Hi, I really appreciate you taking my call. Just so you have it, my middle initial is T. Sorry if I'm catching you at a bad time.",T,86,87,27,10.8,American Male 1,male,American,C1npRmjB19a6yNkEucvx
Full Name,Middle name,MN-01,"Hi, thanks for picking up. My middle name is Elizabeth, in case that's needed for verification. Let me know if you need anything else from me.",Elizabeth,45,54,26,10.4,British Female 1,female,British,9rh371MqHF5jaDZ7VPvk
Full Name,Middle name,MN-02,"Hey, sorry to bother you again today. The middle name on my passport is Andrew, not Anthony. Take your time pulling that up, no rush at all.",Andrew,72,78,27,10.8,Australian Male 1,male,Australian,PA1XYeK584cPbgobwKAc
Full Name,Middle name,MN-03,"Hi there, I hope you can help me with something. Yes, my middle name is Renee, spelled R-E-N-E-E. I really appreciate your help with this today.",Renee,72,77,26,10.4,Australian Female 1,female,Australian,zMK1eWY5DTw3Jjb8efU8
Full Name,Middle name,MN-04,"Good afternoon, thanks so much for your patience. Can you add my middle name, Marcus, to the account? Thanks so much, I know it's a busy day for you.",Marcus,78,84,29,11.6,Indian-English Male 1,male,Indian-English,wJ5MX7uuKXZwFqGdWM4N
Full Name,Middle name,MN-05,"Hi, I really appreciate you taking my call. My legal middle name is Grace, that's what should be on file. Sorry if I'm catching you at a bad time.",Grace,68,73,29,11.6,Indian-English Female 1,female,Indian-English,GBJyJih8mGoasC7OSR50
Health Data,Medical record number,MRN-01,"Hi, thanks for picking up. My medical record number is MRN-482910, can you pull that up? Let me know if you need anything else from me.",MRN-482910,55,65,26,10.4,Indian-English Female 1,female,Indian-English,GBJyJih8mGoasC7OSR50
Health Data,Medical record number,MRN-02,"Hey, sorry to bother you again today. Yes, my medical record number is MRN-773109. Take your time pulling that up, no rush at all.",MRN-773109,71,81,24,9.6,Southern US Male 1,male,Southern US,KuXMdv13akTyq5yqH15d
Health Data,Medical record number,MRN-03,"Hi there, I hope you can help me with something. The medical record number on file should be MRN-556423. I really appreciate your help with this today.",MRN-556423,93,103,27,10.8,Irish Female 1,female,Irish,0VXT7iQ2kXG7EERbbG9T
Health Data,Medical record number,MRN-04,"Good afternoon, thanks so much for your patience. Let me read that off, my medical record number is MRN-902817. Thanks so much, I know it's a busy day for you.",MRN-902817,100,110,30,12.0,African-American Female 1,female,African-American,jmovCppyUT0hdwQb6rmj
Health Data,Medical record number,MRN-05,"Hi, I really appreciate you taking my call. I need to update my medical record number to MRN-118829. Sorry if I'm catching you at a bad time.",MRN-118829,89,99,27,10.8,Canadian Male 1,male,Canadian,SHJeg1jtED7EW6Zr6rHc
General Information,Marital Status,MS-01,"Hi, thanks for picking up. My marital status is married, that might affect my filing. Let me know if you need anything else from me.",married,48,55,25,10.0,Southern US Male 1,male,Southern US,KuXMdv13akTyq5yqH15d
General Information,Marital Status,MS-02,"Hey, sorry to bother you again today. My marital status is divorced, that might affect my filing. Take your time pulling that up, no rush at all.",divorced,59,67,27,10.8,Irish Female 1,female,Irish,0VXT7iQ2kXG7EERbbG9T
General Information,Marital Status,MS-03,"Hi there, I hope you can help me with something. My marital status is single, that might affect my filing. I really appreciate your help with this today.",single,70,76,28,11.2,African-American Female 1,female,African-American,jmovCppyUT0hdwQb6rmj
General Information,Marital Status,MS-04,"Good afternoon, thanks so much for your patience. My marital status is widowed, that might affect my filing. Thanks so much, I know it's a busy day for you.",widowed,71,78,29,11.6,Canadian Male 1,male,Canadian,SHJeg1jtED7EW6Zr6rHc
General Information,Marital Status,MS-05,"Hi, I really appreciate you taking my call. My marital status is separated, that might affect my filing. Sorry if I'm catching you at a bad time.",separated,65,74,27,10.8,American Male 1,male,American,C1npRmjB19a6yNkEucvx
Employment Data,Manager/Supervisor Name,MSN-01,"Hi, thanks for picking up. My manager's name is Rachel Simmons, could you confirm that's correct? Let me know if you need anything else from me.",Rachel Simmons,48,62,26,10.4,African-American Female 1,female,African-American,jmovCppyUT0hdwQb6rmj
Employment Data,Manager/Supervisor Name,MSN-02,"Hey, sorry to bother you again today. I need to loop in my manager, Tom Ferreira, on this. Take your time pulling that up, no rush at all.",Tom Ferreira,68,80,28,11.2,Canadian Male 1,male,Canadian,SHJeg1jtED7EW6Zr6rHc
Employment Data,Manager/Supervisor Name,MSN-03,"Hi there, I hope you can help me with something. For approval, my supervisor's name is Angela Kwan. I really appreciate your help with this today.",Angela Kwan,87,98,26,10.4,American Male 1,male,American,C1npRmjB19a6yNkEucvx
Employment Data,Manager/Supervisor Name,MSN-04,"Good afternoon, thanks so much for your patience. Let me read that off, my manager's name is David Petrov. Thanks so much, I know it's a busy day for you.",David Petrov,93,105,30,12.0,American Female 1,female,American,8nrCzpcW3j4By5SgCxTv
Employment Data,Manager/Supervisor Name,MSN-05,"Hi, I really appreciate you taking my call. The supervisor listed on my file says Lena Fischer. Sorry if I'm catching you at a bad time.",Lena Fischer,82,94,26,10.4,British Male 1,male,British,zOzKXdLgsgWMld5cH9Be
Full Name,Nicknames,N-01,"Hi, thanks for picking up. Everyone just calls me Mikey, if that's easier for you. Let me know if you need anything else from me.",Mikey,50,55,25,10.0,Australian Male 1,male,Australian,PA1XYeK584cPbgobwKAc
Full Name,Nicknames,N-02,"Hey, sorry to bother you again today. You can put down Sal, that's my nickname anyway. Take your time pulling that up, no rush at all.",Sal,55,58,26,10.4,Australian Female 1,female,Australian,zMK1eWY5DTw3Jjb8efU8
Full Name,Nicknames,N-03,"Hi there, I hope you can help me with something. My friends call me DJ, so feel free to use that. I really appreciate your help with this today.",DJ,68,70,29,11.6,Indian-English Male 1,male,Indian-English,wJ5MX7uuKXZwFqGdWM4N
Full Name,Nicknames,N-04,"Good afternoon, thanks so much for your patience. I usually go by Pri instead of my full first name. Thanks so much, I know it's a busy day for you.",Pri,66,69,30,12.0,Indian-English Female 1,female,Indian-English,GBJyJih8mGoasC7OSR50
Full Name,Nicknames,N-05,"Hi, I really appreciate you taking my call. Just call me Jules, that's what everyone uses. Sorry if I'm catching you at a bad time.",Jules,57,62,25,10.0,Southern US Male 1,male,Southern US,KuXMdv13akTyq5yqH15d
General Information,Nationality,NA-01,"Hi, thanks for picking up. My nationality is Canadian, in case that matters for the visa. Let me know if you need anything else from me.",Canadian,45,53,26,10.4,American Female 1,female,American,8nrCzpcW3j4By5SgCxTv
General Information,Nationality,NA-02,"Hey, sorry to bother you again today. My nationality is German, in case that matters for the visa. Take your time pulling that up, no rush at all.",German,56,62,28,11.2,British Male 1,male,British,zOzKXdLgsgWMld5cH9Be
General Information,Nationality,NA-03,"Hi there, I hope you can help me with something. My nationality is Australian, in case that matters for the visa. I really appreciate your help with this today.",Australian,67,77,29,11.6,British Female 1,female,British,9rh371MqHF5jaDZ7VPvk
General Information,Nationality,NA-04,"Good afternoon, thanks so much for your patience. My nationality is Japanese, in case that matters for the visa. Thanks so much, I know it's a busy day for you.",Japanese,68,76,30,12.0,Australian Male 1,male,Australian,PA1XYeK584cPbgobwKAc
General Information,Nationality,NA-05,"Hi, I really appreciate you taking my call. My nationality is Brazilian, in case that matters for the visa. Sorry if I'm catching you at a bad time.",Brazilian,62,71,28,11.2,Australian Female 1,female,Australian,zMK1eWY5DTw3Jjb8efU8
Identification Numbers,National ID,NI-01,"Hi, thanks for picking up. For verification, my national ID number is N4487213. Let me know if you need anything else from me.",N4487213,70,78,23,9.2,Canadian Male 1,male,Canadian,SHJeg1jtED7EW6Zr6rHc
Identification Numbers,National ID,NI-02,"Hey, sorry to bother you again today. My national ID on file should be K7723190. Take your time pulling that up, no rush at all.",K7723190,71,79,25,10.0,American Male 1,male,American,C1npRmjB19a6yNkEucvx
Identification Numbers,National ID,NI-03,"Hi there, I hope you can help me with something. Let me read off my national ID number, it's L9902341. I really appreciate your help with this today.",L9902341,93,101,28,11.2,American Female 1,female,American,8nrCzpcW3j4By5SgCxTv
Identification Numbers,National ID,NI-04,"Good afternoon, thanks so much for your patience. The national ID we have registered is P1122334, is that right? Thanks so much, I know it's a busy day for you.",P1122334,88,96,30,12.0,British Male 1,male,British,zOzKXdLgsgWMld5cH9Be
Identification Numbers,National ID,NI-05,"Hi, I really appreciate you taking my call. I need to update my national ID to R5566778. Sorry if I'm catching you at a bad time.",R5566778,79,87,26,10.4,British Female 1,female,British,9rh371MqHF5jaDZ7VPvk
Identification Numbers,National Insurance Number (NIN),NINN-01,"Hi, thanks for picking up. For verification, my National Insurance number is QQ123456C. Let me know if you need anything else from me.",QQ123456C,77,86,23,9.2,Indian-English Male 1,male,Indian-English,wJ5MX7uuKXZwFqGdWM4N
Identification Numbers,National Insurance Number (NIN),NINN-02,"Hey, sorry to bother you again today. My National Insurance number on file should be AB987654D. Take your time pulling that up, no rush at all.",AB987654D,85,94,26,10.4,Indian-English Female 1,female,Indian-English,GBJyJih8mGoasC7OSR50
Identification Numbers,National Insurance Number (NIN),NINN-03,"Hi there, I hope you can help me with something. Let me read off my National Insurance number, it's JK456789E. I really appreciate your help with this today.",JK456789E,100,109,28,11.2,Southern US Male 1,male,Southern US,KuXMdv13akTyq5yqH15d
Identification Numbers,National Insurance Number (NIN),NINN-04,"Good afternoon, thanks so much for your patience. The National Insurance number we have registered is ZX112233F, is that right? Thanks so much, I know it's a busy day for you.",ZX112233F,102,111,31,12.4,Irish Female 1,female,Irish,0VXT7iQ2kXG7EERbbG9T
Identification Numbers,National Insurance Number (NIN),NINN-05,"Hi, I really appreciate you taking my call. I need to update my National Insurance number to YT334455G. Sorry if I'm catching you at a bad time.",YT334455G,93,102,27,10.8,African-American Female 1,female,African-American,jmovCppyUT0hdwQb6rmj
Health Data,NHS Number (UK),NNU-01,"Hi, thanks for picking up. My NHS number is 943 476 5919, can you pull that up? Let me know if you need anything else from me.",943 476 5919,44,56,27,10.8,Australian Female 1,female,Australian,zMK1eWY5DTw3Jjb8efU8
Health Data,NHS Number (UK),NNU-02,"Hey, sorry to bother you again today. Yes, my NHS number is 485 777 3456. Take your time pulling that up, no rush at all.",485 777 3456,60,72,25,10.0,Indian-English Male 1,male,Indian-English,wJ5MX7uuKXZwFqGdWM4N
Health Data,NHS Number (UK),NNU-03,"Hi there, I hope you can help me with something. The NHS number on file should be 601 928 3741. I really appreciate your help with this today.",601 928 3741,82,94,28,11.2,Indian-English Female 1,female,Indian-English,GBJyJih8mGoasC7OSR50
Health Data,NHS Number (UK),NNU-04,"Good afternoon, thanks so much for your patience. Let me read that off, my NHS number is 234 556 7891. Thanks so much, I know it's a busy day for you.",234 556 7891,89,101,31,12.4,Southern US Male 1,male,Southern US,KuXMdv13akTyq5yqH15d
Health Data,NHS Number (UK),NNU-05,"Hi, I really appreciate you taking my call. I need to update my NHS number to 789 123 4560. Sorry if I'm catching you at a bad time.",789 123 4560,78,90,28,11.2,Irish Female 1,female,Irish,0VXT7iQ2kXG7EERbbG9T
General Information,Number Squence,NS-01,"Hi, thanks for picking up. The reference number I was given is 8827441902. Let me know if you need anything else from me.",8827441902,63,73,23,9.2,Indian-English Male 1,male,Indian-English,wJ5MX7uuKXZwFqGdWM4N
General Information,Number Squence,NS-02,"Hey, sorry to bother you again today. The reference number I was given is 0192773481. Take your time pulling that up, no rush at all.",192773481,74,84,25,10.0,Indian-English Female 1,female,Indian-English,GBJyJih8mGoasC7OSR50
General Information,Number Squence,NS-03,"Hi there, I hope you can help me with something. The reference number I was given is 5563208174. I really appreciate your help with this today.",5563208174,85,95,26,10.4,Southern US Male 1,male,Southern US,KuXMdv13akTyq5yqH15d
General Information,Number Squence,NS-04,"Good afternoon, thanks so much for your patience. The reference number I was given is 9082173820. Thanks so much, I know it's a busy day for you.",9082173820,86,96,27,10.8,Irish Female 1,female,Irish,0VXT7iQ2kXG7EERbbG9T
General Information,Number Squence,NS-05,"Hi, I really appreciate you taking my call. The reference number I was given is 1188440237. Sorry if I'm catching you at a bad time.",1188440237,80,90,25,10.0,African-American Female 1,female,African-American,jmovCppyUT0hdwQb6rmj
Security & Verification,One-Time Passcode (OTP),OPO-01,"Hi, thanks for picking up. The code you just sent me is 482913. Let me know if you need anything else from me.",482913,56,62,23,9.2,Canadian Male 1,male,Canadian,SHJeg1jtED7EW6Zr6rHc
Security & Verification,One-Time Passcode (OTP),OPO-02,"Hey, sorry to bother you again today. The code you just sent me is 017562. Take your time pulling that up, no rush at all.",17562,67,73,25,10.0,American Male 1,male,American,C1npRmjB19a6yNkEucvx
Security & Verification,One-Time Passcode (OTP),OPO-03,"Hi there, I hope you can help me with something. The code you just sent me is 930847. I really appreciate your help with this today.",930847,78,84,26,10.4,American Female 1,female,American,8nrCzpcW3j4By5SgCxTv
Security & Verification,One-Time Passcode (OTP),OPO-04,"Good afternoon, thanks so much for your patience. The code you just sent me is 556219. Thanks so much, I know it's a busy day for you.",556219,79,85,27,10.8,British Male 1,male,British,zOzKXdLgsgWMld5cH9Be
Security & Verification,One-Time Passcode (OTP),OPO-05,"Hi, I really appreciate you taking my call. The code you just sent me is 774038. Sorry if I'm catching you at a bad time.",774038,73,79,25,10.0,British Female 1,female,British,9rh371MqHF5jaDZ7VPvk
Contact Information,Postcode,P-01,"Hi, thanks for picking up. The postcode on file should read SW1A 1AA. Let me know if you need anything else from me.",SW1A 1AA,60,68,23,9.2,Australian Female 1,female,Australian,zMK1eWY5DTw3Jjb8efU8
Contact Information,Postcode,P-02,"Hey, sorry to bother you again today. My postcode is M1 4WT, could you update that in the system? Take your time pulling that up, no rush at all.",M1 4WT,53,59,29,11.6,Indian-English Male 1,male,Indian-English,wJ5MX7uuKXZwFqGdWM4N
Contact Information,Postcode,P-03,"Hi there, I hope you can help me with something. Yes, EC2A 3LT is correct for that flat. I really appreciate your help with this today.",EC2A 3LT,54,62,26,10.4,Indian-English Female 1,female,Indian-English,GBJyJih8mGoasC7OSR50
Contact Information,Postcode,P-04,"Good afternoon, thanks so much for your patience. I need to change the postcode to B1 1TT. Thanks so much, I know it's a busy day for you.",B1 1TT,83,89,28,11.2,Southern US Male 1,male,Southern US,KuXMdv13akTyq5yqH15d
Contact Information,Postcode,P-05,"Hi, I really appreciate you taking my call. Let me give you the postcode again, it's L1 8JQ. Sorry if I'm catching you at a bad time.",L1 8JQ,85,91,27,10.8,Irish Female 1,female,Irish,0VXT7iQ2kXG7EERbbG9T
Digital identifiers,Passwords,PA-01,"Hi, thanks for picking up. My current password is SunsetTiger47!, but it's not letting me in. Let me know if you need anything else from me.",SunsetTiger47!,50,64,26,10.4,Indian-English Male 1,male,Indian-English,wJ5MX7uuKXZwFqGdWM4N
Digital identifiers,Passwords,PA-02,"Hey, sorry to bother you again today. My current password is Bl33dingBlue$, but it's not letting me in. Take your time pulling that up, no rush at all.",Bl33dingBlue$,61,74,28,11.2,Indian-English Female 1,female,Indian-English,GBJyJih8mGoasC7OSR50
Digital identifiers,Passwords,PA-03,"Hi there, I hope you can help me with something. My current password is P@ssword2024x, but it's not letting me in. I really appreciate your help with this today.",P@ssword2024x,72,85,29,11.6,Southern US Male 1,male,Southern US,KuXMdv13akTyq5yqH15d
Digital identifiers,Passwords,PA-04,"Good afternoon, thanks so much for your patience. My current password is GreenMoon91!, but it's not letting me in. Thanks so much, I know it's a busy day for you.",GreenMoon91!,73,85,30,12.0,Irish Female 1,female,Irish,0VXT7iQ2kXG7EERbbG9T
Digital identifiers,Passwords,PA-05,"Hi, I really appreciate you taking my call. My current password is Riverbank$88, but it's not letting me in. Sorry if I'm catching you at a bad time.",Riverbank$88,67,79,28,11.2,African-American Female 1,female,African-American,jmovCppyUT0hdwQb6rmj
Identification Numbers,Passport Numbers,PAN-01,"Hi, thanks for picking up. For verification, my passport number is X12345678. Let me know if you need anything else from me.",X12345678,67,76,22,8.8,Irish Female 1,female,Irish,0VXT7iQ2kXG7EERbbG9T
Identification Numbers,Passport Numbers,PAN-02,"Hey, sorry to bother you again today. My passport number on file should be Y98765432. Take your time pulling that up, no rush at all.",Y98765432,75,84,25,10.0,African-American Female 1,female,African-American,jmovCppyUT0hdwQb6rmj
Identification Numbers,Passport Numbers,PAN-03,"Hi there, I hope you can help me with something. Let me read off my passport number, it's Z45678901. I really appreciate your help with this today.",Z45678901,90,99,27,10.8,Canadian Male 1,male,Canadian,SHJeg1jtED7EW6Zr6rHc
Identification Numbers,Passport Numbers,PAN-04,"Good afternoon, thanks so much for your patience. The passport number we have registered is A11223344, is that right? Thanks so much, I know it's a busy day for you.",A11223344,92,101,30,12.0,American Male 1,male,American,C1npRmjB19a6yNkEucvx
Identification Numbers,Passport Numbers,PAN-05,"Hi, I really appreciate you taking my call. I need to update my passport number to B55667788. Sorry if I'm catching you at a bad time.",B55667788,83,92,26,10.4,American Female 1,female,American,8nrCzpcW3j4By5SgCxTv
Health Data,Prescription details,PD-01,"Hi, thanks for picking up. I'm calling to refill my prescription for 40 milligrams of Lisinopril. Let me know if you need anything else from me.",40 milligrams of Lisinopril,69,96,26,10.4,Southern US Male 1,male,Southern US,KuXMdv13akTyq5yqH15d
Health Data,Prescription details,PD-02,"Hey, sorry to bother you again today. I'm calling to refill my prescription for 20 milligrams of Prozac. Take your time pulling that up, no rush at all.",20 milligrams of Prozac,80,103,28,11.2,Irish Female 1,female,Irish,0VXT7iQ2kXG7EERbbG9T
Health Data,Prescription details,PD-03,"Hi there, I hope you can help me with something. I'm calling to refill my prescription for 500 milligrams of Metformin. I really appreciate your help with this today.",500 milligrams of Metformin,91,118,29,11.6,African-American Female 1,female,African-American,jmovCppyUT0hdwQb6rmj
Health Data,Prescription details,PD-04,"Good afternoon, thanks so much for your patience. I'm calling to refill my prescription for 10 milligrams of Atorvastatin. Thanks so much, I know it's a busy day for you.",10 milligrams of Atorvastatin,92,121,30,12.0,Canadian Male 1,male,Canadian,SHJeg1jtED7EW6Zr6rHc
Health Data,Prescription details,PD-05,"Hi, I really appreciate you taking my call. I'm calling to refill my prescription for 50 milligrams of Sertraline. Sorry if I'm catching you at a bad time.",50 milligrams of Sertraline,86,113,28,11.2,American Male 1,male,American,C1npRmjB19a6yNkEucvx
Contact Information,Personal email,PE-01,"Hi, thanks for picking up. Can you send the confirmation to michael.thompson82@gmail.com? Let me know if you need anything else from me.",michael.thompson82@gmail.com,60,88,22,8.8,Irish Female 1,female,Irish,0VXT7iQ2kXG7EERbbG9T
Contact Information,Personal email,PE-02,"Hey, sorry to bother you again today. My email is sarah.alvarez@yahoo.com, could you update that in the system? Take your time pulling that up, no rush at all.",sarah.alvarez@yahoo.com,50,73,28,11.2,African-American Female 1,female,African-American,jmovCppyUT0hdwQb6rmj
Contact Information,Personal email,PE-03,"Hi there, I hope you can help me with something. Yes, please use d.chen1990@outlook.com for the receipt. I really appreciate your help with this today.",d.chen1990@outlook.com,65,87,25,10.0,Canadian Male 1,male,Canadian,SHJeg1jtED7EW6Zr6rHc
Contact Information,Personal email,PE-04,"Good afternoon, thanks so much for your patience. Let me give you my email again, it's priya.nakamura@hotmail.com. Thanks so much, I know it's a busy day for you.",priya.nakamura@hotmail.com,87,113,28,11.2,American Male 1,male,American,C1npRmjB19a6yNkEucvx
Contact Information,Personal email,PE-05,"Hi, I really appreciate you taking my call. My new email is julian.obrien@icloud.com since I switched providers. Sorry if I'm catching you at a bad time.",julian.obrien@icloud.com,60,84,26,10.4,American Female 1,female,American,8nrCzpcW3j4By5SgCxTv
General Information,Physical Attribute,PHA-01,"Hi, thanks for picking up. I'm about 5 foot 9 with brown hair, if that helps with the description. Let me know if you need anything else from me.",5 foot 9 with brown hair,37,61,29,11.6,Canadian Male 1,male,Canadian,SHJeg1jtED7EW6Zr6rHc
General Information,Physical Attribute,PHA-02,"Hey, sorry to bother you again today. I'm about 6 foot 2 with a beard, if that helps with the description. Take your time pulling that up, no rush at all.",6 foot 2 with a beard,48,69,31,12.4,American Male 1,male,American,C1npRmjB19a6yNkEucvx
General Information,Physical Attribute,PHA-03,"Hi there, I hope you can help me with something. I'm about 5 foot 4 with red hair, if that helps with the description. I really appreciate your help with this today.",5 foot 4 with red hair,59,81,32,12.8,American Female 1,female,American,8nrCzpcW3j4By5SgCxTv
General Information,Physical Attribute,PHA-04,"Good afternoon, thanks so much for your patience. I'm about 5 foot 11 with glasses, if that helps with the description. Thanks so much, I know it's a busy day for you.",5 foot 11 with glasses,60,82,32,12.8,British Male 1,male,British,zOzKXdLgsgWMld5cH9Be
General Information,Physical Attribute,PHA-05,"Hi, I really appreciate you taking my call. I'm about 5 foot 6 with a tattoo on my arm, if that helps. Sorry if I'm catching you at a bad time.",5 foot 6 with a tattoo on my arm,54,86,31,12.4,British Female 1,female,British,9rh371MqHF5jaDZ7VPvk
Financial Data,Pins,PI-01,"Hi, thanks for picking up. My PIN is 4471, go ahead and process that. Let me know if you need anything else from me.",4471,37,41,24,9.6,American Male 1,male,American,C1npRmjB19a6yNkEucvx
Financial Data,Pins,PI-02,"Hey, sorry to bother you again today. The PIN on the card is 0923. Take your time pulling that up, no rush at all.",923,61,65,24,9.6,American Female 1,female,American,8nrCzpcW3j4By5SgCxTv
Financial Data,Pins,PI-03,"Hi there, I hope you can help me with something. Can you check the PIN, it should read 5588? I really appreciate your help with this today.",5588,87,91,27,10.8,British Male 1,male,British,zOzKXdLgsgWMld5cH9Be
Financial Data,Pins,PI-04,"Good afternoon, thanks so much for your patience. I'd like to update my PIN to 1274. Thanks so much, I know it's a busy day for you.",1274,79,83,27,10.8,British Female 1,female,British,9rh371MqHF5jaDZ7VPvk
Financial Data,Pins,PI-05,"Hi, I really appreciate you taking my call. Let me give you the PIN, it's 6690. Sorry if I'm catching you at a bad time.",6690,74,78,25,10.0,Australian Male 1,male,Australian,PA1XYeK584cPbgobwKAc
Security & Verification,PIN,PIN-01,"Hi, thanks for picking up. My PIN for the account is 3971. Let me know if you need anything else from me.",3971,53,57,22,8.8,Australian Male 1,male,Australian,PA1XYeK584cPbgobwKAc
Security & Verification,PIN,PIN-02,"Hey, sorry to bother you again today. My PIN for the account is 0824. Take your time pulling that up, no rush at all.",824,64,68,24,9.6,Australian Female 1,female,Australian,zMK1eWY5DTw3Jjb8efU8
Security & Verification,PIN,PIN-03,"Hi there, I hope you can help me with something. My PIN for the account is 5560. I really appreciate your help with this today.",5560,75,79,25,10.0,Indian-English Male 1,male,Indian-English,wJ5MX7uuKXZwFqGdWM4N
Security & Verification,PIN,PIN-04,"Good afternoon, thanks so much for your patience. My PIN for the account is 1147. Thanks so much, I know it's a busy day for you.",1147,76,80,26,10.4,Indian-English Female 1,female,Indian-English,GBJyJih8mGoasC7OSR50
Security & Verification,PIN,PIN-05,"Hi, I really appreciate you taking my call. My PIN for the account is 6689. Sorry if I'm catching you at a bad time.",6689,70,74,24,9.6,Southern US Male 1,male,Southern US,KuXMdv13akTyq5yqH15d
Contact Information,Phone number,PN-01,"Hi, thanks for picking up. You can reach me at 555-201-4478 if anything comes up. Let me know if you need anything else from me.",555-201-4478,47,59,25,10.0,British Male 1,male,British,zOzKXdLgsgWMld5cH9Be
Contact Information,Phone number,PN-02,"Hey, sorry to bother you again today. My phone number is 555-330-9021, could you update that in the system? Take your time pulling that up, no rush at all.",555-330-9021,57,69,29,11.6,British Female 1,female,British,9rh371MqHF5jaDZ7VPvk
Contact Information,Phone number,PN-03,"Hi there, I hope you can help me with something. Yes, I'll be at 555-847-2210 if you need to reach me. I really appreciate your help with this today.",555-847-2210,65,77,29,11.6,Australian Male 1,male,Australian,PA1XYeK584cPbgobwKAc
Contact Information,Phone number,PN-04,"Good afternoon, thanks so much for your patience. Please call the replacement number, it's 555-102-7734. Thanks so much, I know it's a busy day for you.",555-102-7734,91,103,26,10.4,Australian Female 1,female,Australian,zMK1eWY5DTw3Jjb8efU8
Contact Information,Phone number,PN-05,"Hi, I really appreciate you taking my call. Let me give you my number again, it's 555-663-4890. Sorry if I'm catching you at a bad time.",555-663-4890,82,94,26,10.4,Indian-English Male 1,male,Indian-English,wJ5MX7uuKXZwFqGdWM4N
General Information,Political Affiliation,POA-01,"Hi, thanks for picking up. I'm registered as a registered Democrat, if that's relevant to the survey. Let me know if you need anything else from me.",a registered Democrat,45,66,27,10.8,Australian Male 1,male,Australian,PA1XYeK584cPbgobwKAc
General Information,Political Affiliation,POA-02,"Hey, sorry to bother you again today. I'm registered as a registered Republican, if that's relevant to the survey. Take your time pulling that up, no rush at all.",a registered Republican,56,79,29,11.6,Australian Female 1,female,Australian,zMK1eWY5DTw3Jjb8efU8
General Information,Political Affiliation,POA-03,"Hi there, I hope you can help me with something. I'm registered as an independent, if that's relevant to the survey. I really appreciate your help with this today.",an independent,67,81,29,11.6,Indian-English Male 1,male,Indian-English,wJ5MX7uuKXZwFqGdWM4N
General Information,Political Affiliation,POA-04,"Good afternoon, thanks so much for your patience. I'm registered as a Green Party member, if that's relevant to the survey. Thanks so much, I know it's a busy day for you.",a Green Party member,68,88,32,12.8,Indian-English Female 1,female,Indian-English,GBJyJih8mGoasC7OSR50
General Information,Political Affiliation,POA-05,"Hi, I really appreciate you taking my call. I'm registered as a Libertarian, if that's relevant to the survey. Sorry if I'm catching you at a bad time.",a Libertarian,62,75,28,11.2,Southern US Male 1,male,Southern US,KuXMdv13akTyq5yqH15d
Insurance,Policy numbers,PON-01,"Hi, thanks for picking up. My policy number is POL-448291, can you look that up? Let me know if you need anything else from me.",POL-448291,47,57,25,10.0,Indian-English Female 1,female,Indian-English,GBJyJih8mGoasC7OSR50
Insurance,Policy numbers,PON-02,"Hey, sorry to bother you again today. The policy number on the claim is POL-902817. Take your time pulling that up, no rush at all.",POL-902817,72,82,25,10.0,Southern US Male 1,male,Southern US,KuXMdv13akTyq5yqH15d
Insurance,Policy numbers,PON-03,"Hi there, I hope you can help me with something. I need to update my policy number to POL-556423. I really appreciate your help with this today.",POL-556423,86,96,27,10.8,Irish Female 1,female,Irish,0VXT7iQ2kXG7EERbbG9T
Insurance,Policy numbers,PON-04,"Good afternoon, thanks so much for your patience. Let me give you the policy number, it's POL-773109. Thanks so much, I know it's a busy day for you.",POL-773109,90,100,28,11.2,African-American Female 1,female,African-American,jmovCppyUT0hdwQb6rmj
Insurance,Policy numbers,PON-05,"Hi, I really appreciate you taking my call. The policy number listed says POL-118829, is that right? Sorry if I'm catching you at a bad time.",POL-118829,74,84,26,10.4,Canadian Male 1,male,Canadian,SHJeg1jtED7EW6Zr6rHc
Health Data,Pregnancy or Reproductive Info,PORI-01,"Hi, thanks for picking up. I'm currently 12 weeks pregnant, so I wanted to check my coverage. Let me know if you need anything else from me.",12 weeks pregnant,41,58,27,10.8,Australian Female 1,female,Australian,zMK1eWY5DTw3Jjb8efU8
Health Data,Pregnancy or Reproductive Info,PORI-02,"Hey, sorry to bother you again today. I'm currently undergoing IVF treatment, so I wanted to check my coverage. Take your time pulling that up, no rush at all.",undergoing IVF treatment,52,76,29,11.6,Indian-English Male 1,male,Indian-English,wJ5MX7uuKXZwFqGdWM4N
Health Data,Pregnancy or Reproductive Info,PORI-03,"Hi there, I hope you can help me with something. I'm currently due in October, so I wanted to check my coverage. I really appreciate your help with this today.",due in October,63,77,30,12.0,Indian-English Female 1,female,Indian-English,GBJyJih8mGoasC7OSR50
Health Data,Pregnancy or Reproductive Info,PORI-04,"Good afternoon, thanks so much for your patience. I'm currently considering a tubal ligation, so I wanted to check my coverage. Thanks so much, I know it's a busy day for you.",considering a tubal ligation,64,92,32,12.8,Southern US Male 1,male,Southern US,KuXMdv13akTyq5yqH15d
Health Data,Pregnancy or Reproductive Info,PORI-05,"Hi, I really appreciate you taking my call. I'm currently in my third trimester, so I wanted to check my coverage. Sorry if I'm catching you at a bad time.",in my third trimester,58,79,30,12.0,Irish Female 1,female,Irish,0VXT7iQ2kXG7EERbbG9T
Employment Data,Performance reviews,PR-01,"Hi, thanks for picking up. My last performance review rated me as exceeds expectations. Let me know if you need anything else from me.",exceeds expectations,66,86,24,9.6,Australian Female 1,female,Australian,zMK1eWY5DTw3Jjb8efU8
Employment Data,Performance reviews,PR-02,"Hey, sorry to bother you again today. My last performance review rated me as meets expectations. Take your time pulling that up, no rush at all.",meets expectations,77,95,26,10.4,Indian-English Male 1,male,Indian-English,wJ5MX7uuKXZwFqGdWM4N
Employment Data,Performance reviews,PR-03,"Hi there, I hope you can help me with something. My last performance review rated me as needs improvement. I really appreciate your help with this today.",needs improvement,88,105,27,10.8,Indian-English Female 1,female,Indian-English,GBJyJih8mGoasC7OSR50
Employment Data,Performance reviews,PR-04,"Good afternoon, thanks so much for your patience. My last performance review rated me as outstanding. Thanks so much, I know it's a busy day for you.",outstanding,89,100,27,10.8,Southern US Male 1,male,Southern US,KuXMdv13akTyq5yqH15d
Employment Data,Performance reviews,PR-05,"Hi, I really appreciate you taking my call. My last performance review rated me as on track. Sorry if I'm catching you at a bad time.",on track,83,91,26,10.4,Irish Female 1,female,Irish,0VXT7iQ2kXG7EERbbG9T
Employment Data,Previous employers,PRE-01,"Hi, thanks for picking up. Before this job, I worked at Bright Horizon Logistics for about three years. Let me know if you need anything else from me.",Bright Horizon Logistics,56,80,28,11.2,Canadian Male 1,male,Canadian,SHJeg1jtED7EW6Zr6rHc
Employment Data,Previous employers,PRE-02,"Hey, sorry to bother you again today. Before this job, I worked at Sable & Rowe Consulting for about three years. Take your time pulling that up, no rush at all.",Sable & Rowe Consulting,67,90,31,12.4,American Male 1,male,American,C1npRmjB19a6yNkEucvx
Employment Data,Previous employers,PRE-03,"Hi there, I hope you can help me with something. Before this job, I worked at Northgate Manufacturing for about three years. I really appreciate your help with this today.",Northgate Manufacturing,78,101,30,12.0,American Female 1,female,American,8nrCzpcW3j4By5SgCxTv
Employment Data,Previous employers,PRE-04,"Good afternoon, thanks so much for your patience. Before this job, I worked at Cedarview Financial Group for about three years. Thanks so much, I know it's a busy day for you.",Cedarview Financial Group,79,104,32,12.8,British Male 1,male,British,zOzKXdLgsgWMld5cH9Be
Employment Data,Previous employers,PRE-05,"Hi, I really appreciate you taking my call. Before this job, I worked at Palmetto Retail Partners for about three years. Sorry if I'm catching you at a bad time.",Palmetto Retail Partners,73,97,30,12.0,British Female 1,female,British,9rh371MqHF5jaDZ7VPvk
Full Name,Prefix/Suffix,PS-01,"Hi, thanks for picking up. Please make sure my title, Dr., is on the paperwork. Let me know if you need anything else from me.",Dr.,54,57,25,10.0,Indian-English Male 1,male,Indian-English,wJ5MX7uuKXZwFqGdWM4N
Full Name,Prefix/Suffix,PS-02,"Hey, sorry to bother you again today. Could you add Jr. after my name on the account? Take your time pulling that up, no rush at all.",Jr.,52,55,27,10.8,Indian-English Female 1,female,Indian-English,GBJyJih8mGoasC7OSR50
Full Name,Prefix/Suffix,PS-03,"Hi there, I hope you can help me with something. It should say Mrs. in front of my name, not Ms. I really appreciate your help with this today.",Mrs.,63,67,29,11.6,Southern US Male 1,male,Southern US,KuXMdv13akTyq5yqH15d
Full Name,Prefix/Suffix,PS-04,"Good afternoon, thanks so much for your patience. Add the suffix III after my last name, please. Thanks so much, I know it's a busy day for you.",III,65,68,28,11.2,Irish Female 1,female,Irish,0VXT7iQ2kXG7EERbbG9T
Full Name,Prefix/Suffix,PS-05,"Hi, I really appreciate you taking my call. My title is Rev., that's how it appears on my ID. Sorry if I'm catching you at a bad time.",Rev.,56,60,28,11.2,African-American Female 1,female,African-American,jmovCppyUT0hdwQb6rmj
General Information,Religion,R-01,"Hi, thanks for picking up. I identify as Catholic, which is why I'm requesting that accommodation. Let me know if you need anything else from me.",Catholic,41,49,26,10.4,Irish Female 1,female,Irish,0VXT7iQ2kXG7EERbbG9T
General Information,Religion,R-02,"Hey, sorry to bother you again today. I identify as Muslim, which is why I'm requesting that accommodation. Take your time pulling that up, no rush at all.",Muslim,52,58,28,11.2,African-American Female 1,female,African-American,jmovCppyUT0hdwQb6rmj
General Information,Religion,R-03,"Hi there, I hope you can help me with something. I identify as Jewish, which is why I'm requesting that accommodation. I really appreciate your help with this today.",Jewish,63,69,29,11.6,Canadian Male 1,male,Canadian,SHJeg1jtED7EW6Zr6rHc
General Information,Religion,R-04,"Good afternoon, thanks so much for your patience. I identify as Buddhist, which is why I'm requesting that accommodation. Thanks so much, I know it's a busy day for you.",Buddhist,64,72,30,12.0,American Male 1,male,American,C1npRmjB19a6yNkEucvx
General Information,Religion,R-05,"Hi, I really appreciate you taking my call. I identify as Hindu, which is why I'm requesting that accommodation. Sorry if I'm catching you at a bad time.",Hindu,58,63,28,11.2,American Female 1,female,American,8nrCzpcW3j4By5SgCxTv
Employment Data,RSU grant,RG-01,"Hi, thanks for picking up. My RSU grant this year was 250 shares. Let me know if you need anything else from me.",250,54,57,23,9.2,Indian-English Female 1,female,Indian-English,GBJyJih8mGoasC7OSR50
Employment Data,RSU grant,RG-02,"Hey, sorry to bother you again today. My RSU grant this year was 400 shares. Take your time pulling that up, no rush at all.",400,65,68,25,10.0,Southern US Male 1,male,Southern US,KuXMdv13akTyq5yqH15d
Employment Data,RSU grant,RG-03,"Hi there, I hope you can help me with something. My RSU grant this year was 120 shares. I really appreciate your help with this today.",120,76,79,26,10.4,Irish Female 1,female,Irish,0VXT7iQ2kXG7EERbbG9T
Employment Data,RSU grant,RG-04,"Good afternoon, thanks so much for your patience. My RSU grant this year was 600 shares. Thanks so much, I know it's a busy day for you.",600,77,80,27,10.8,African-American Female 1,female,African-American,jmovCppyUT0hdwQb6rmj
Employment Data,RSU grant,RG-05,"Hi, I really appreciate you taking my call. My RSU grant this year was 175 shares. Sorry if I'm catching you at a bad time.",175,71,74,25,10.0,Canadian Male 1,male,Canadian,SHJeg1jtED7EW6Zr6rHc
Financial Data,Routing numbers (US),RNU-01,"Hi, thanks for picking up. My routing number is 021000021, go ahead and set up the transfer. Let me know if you need anything else from me.",21000021,48,57,27,10.8,Australian Male 1,male,Australian,PA1XYeK584cPbgobwKAc
Financial Data,Routing numbers (US),RNU-02,"Hey, sorry to bother you again today. The routing number on file is 011401533. Take your time pulling that up, no rush at all.",11401533,68,77,24,9.6,Australian Female 1,female,Australian,zMK1eWY5DTw3Jjb8efU8
Financial Data,Routing numbers (US),RNU-03,"Hi there, I hope you can help me with something. Can you check the routing number, it should read 071000013? I really appreciate your help with this today.",71000013,98,107,28,11.2,Indian-English Male 1,male,Indian-English,wJ5MX7uuKXZwFqGdWM4N
Financial Data,Routing numbers (US),RNU-04,"Good afternoon, thanks so much for your patience. I'd like to update my routing number to 091000019. Thanks so much, I know it's a busy day for you.",91000019,90,99,28,11.2,Indian-English Female 1,female,Indian-English,GBJyJih8mGoasC7OSR50
Financial Data,Routing numbers (US),RNU-05,"Hi, I really appreciate you taking my call. Let me give you the routing number, it's 061000104. Sorry if I'm catching you at a bad time.",61000104,85,94,26,10.4,Southern US Male 1,male,Southern US,KuXMdv13akTyq5yqH15d
Financial Data,Swift Code,SC-01,"Hi, thanks for picking up. My SWIFT code is CHASUS33, go ahead and set up the transfer. Let me know if you need anything else from me.",CHASUS33,44,52,27,10.8,Irish Female 1,female,Irish,0VXT7iQ2kXG7EERbbG9T
Financial Data,Swift Code,SC-02,"Hey, sorry to bother you again today. The SWIFT code on file is DEUTDEFF. Take your time pulling that up, no rush at all.",DEUTDEFF,64,72,24,9.6,African-American Female 1,female,African-American,jmovCppyUT0hdwQb6rmj
Financial Data,Swift Code,SC-03,"Hi there, I hope you can help me with something. Can you check the SWIFT code, it should read BOFAUS3N? I really appreciate your help with this today.",BOFAUS3N,94,102,28,11.2,Canadian Male 1,male,Canadian,SHJeg1jtED7EW6Zr6rHc
Financial Data,Swift Code,SC-04,"Good afternoon, thanks so much for your patience. I'd like to update my SWIFT code to HSBCGB2L. Thanks so much, I know it's a busy day for you.",HSBCGB2L,86,94,28,11.2,American Male 1,male,American,C1npRmjB19a6yNkEucvx
Financial Data,Swift Code,SC-05,"Hi, I really appreciate you taking my call. Let me give you the SWIFT code, it's BNPAFRPP. Sorry if I'm catching you at a bad time.",BNPAFRPP,81,89,26,10.4,American Female 1,female,American,8nrCzpcW3j4By5SgCxTv
Financial Data,Short code (UK),SCU-01,"Hi, thanks for picking up. My short code is 20-30-45, go ahead and set up the transfer. Let me know if you need anything else from me.",20-30-45,43,51,27,10.8,Irish Female 1,female,Irish,0VXT7iQ2kXG7EERbbG9T
Financial Data,Short code (UK),SCU-02,"Hey, sorry to bother you again today. The short code on file is 10-88-23. Take your time pulling that up, no rush at all.",10-88-23,63,71,24,9.6,African-American Female 1,female,African-American,jmovCppyUT0hdwQb6rmj
Financial Data,Short code (UK),SCU-03,"Hi there, I hope you can help me with something. Can you check the short code, it should read 40-11-56? I really appreciate your help with this today.",40-11-56,93,101,28,11.2,Canadian Male 1,male,Canadian,SHJeg1jtED7EW6Zr6rHc
Financial Data,Short code (UK),SCU-04,"Good afternoon, thanks so much for your patience. I'd like to update my short code to 60-73-19. Thanks so much, I know it's a busy day for you.",60-73-19,85,93,28,11.2,American Male 1,male,American,C1npRmjB19a6yNkEucvx
Financial Data,Short code (UK),SCU-05,"Hi, I really appreciate you taking my call. Let me give you the short code, it's 30-99-42. Sorry if I'm catching you at a bad time.",30-99-42,80,88,26,10.4,American Female 1,female,American,8nrCzpcW3j4By5SgCxTv
Employment Data,Salary details,SD-01,"Hi, thanks for picking up. My current salary is $68,500 a year. Let me know if you need anything else from me.","$68,500.00",48,55,22,8.8,Irish Female 1,female,Irish,0VXT7iQ2kXG7EERbbG9T
Employment Data,Salary details,SD-02,"Hey, sorry to bother you again today. My current salary is $92,000 a year. Take your time pulling that up, no rush at all.","$92,000.00",59,66,24,9.6,African-American Female 1,female,African-American,jmovCppyUT0hdwQb6rmj
Employment Data,Salary details,SD-03,"Hi there, I hope you can help me with something. My current salary is $54,750 a year. I really appreciate your help with this today.","$54,750.00",70,77,25,10.0,Canadian Male 1,male,Canadian,SHJeg1jtED7EW6Zr6rHc
Employment Data,Salary details,SD-04,"Good afternoon, thanks so much for your patience. My current salary is $110,200 a year. Thanks so much, I know it's a busy day for you.","$110,200.00",71,79,26,10.4,American Male 1,male,American,C1npRmjB19a6yNkEucvx
Employment Data,Salary details,SD-05,"Hi, I really appreciate you taking my call. My current salary is $76,300 a year. Sorry if I'm catching you at a bad time.","$76,300.00",65,72,24,9.6,American Female 1,female,American,8nrCzpcW3j4By5SgCxTv
Contact Information,State/Province,SP-01,"Hi, thanks for picking up. I'm currently living in Colorado, in case that changes anything. Let me know if you need anything else from me.",Colorado,51,59,25,10.0,African-American Female 1,female,African-American,jmovCppyUT0hdwQb6rmj
Contact Information,State/Province,SP-02,"Hey, sorry to bother you again today. The account is registered to an address in Texas. Take your time pulling that up, no rush at all.",Texas,81,86,26,10.4,Canadian Male 1,male,Canadian,SHJeg1jtED7EW6Zr6rHc
Contact Information,State/Province,SP-03,"Hi there, I hope you can help me with something. Yes, Washington is the correct state on file. I really appreciate your help with this today.",Washington,54,64,26,10.4,American Male 1,male,American,C1npRmjB19a6yNkEucvx
Contact Information,State/Province,SP-04,"Good afternoon, thanks so much for your patience. I need to update my state to Ohio after the move. Thanks so much, I know it's a busy day for you.",Ohio,79,83,30,12.0,American Female 1,female,American,8nrCzpcW3j4By5SgCxTv
Contact Information,State/Province,SP-05,"Hi, I really appreciate you taking my call. The shipping address is in North Carolina. Sorry if I'm catching you at a bad time.",North Carolina,71,85,24,9.6,British Male 1,male,British,zOzKXdLgsgWMld5cH9Be
Security & Verification,Security Question — Childhood Best Friend,SQ—CBF-01,"Hi, thanks for picking up. My childhood best friend's name was Jamie Ortiz. Let me know if you need anything else from me.",Jamie Ortiz,63,74,23,9.2,Indian-English Male 1,male,Indian-English,wJ5MX7uuKXZwFqGdWM4N
Security & Verification,Security Question — Childhood Best Friend,SQ—CBF-02,"Hey, sorry to bother you again today. My childhood best friend's name was Ben Whitmore. Take your time pulling that up, no rush at all.",Ben Whitmore,74,86,25,10.0,Indian-English Female 1,female,Indian-English,GBJyJih8mGoasC7OSR50
Security & Verification,Security Question — Childhood Best Friend,SQ—CBF-03,"Hi there, I hope you can help me with something. My childhood best friend's name was Casey Nguyen. I really appreciate your help with this today.",Casey Nguyen,85,97,26,10.4,Southern US Male 1,male,Southern US,KuXMdv13akTyq5yqH15d
Security & Verification,Security Question — Childhood Best Friend,SQ—CBF-04,"Good afternoon, thanks so much for your patience. My childhood best friend's name was Drew Alvarado. Thanks so much, I know it's a busy day for you.",Drew Alvarado,86,99,27,10.8,Irish Female 1,female,Irish,0VXT7iQ2kXG7EERbbG9T
Security & Verification,Security Question — Childhood Best Friend,SQ—CBF-05,"Hi, I really appreciate you taking my call. My childhood best friend's name was Nina Petrova. Sorry if I'm catching you at a bad time.",Nina Petrova,80,92,25,10.0,African-American Female 1,female,African-American,jmovCppyUT0hdwQb6rmj
Security & Verification,Security Question — City You Grew Up In,SQ—CYGUI-01,"Hi, thanks for picking up. I grew up in Toledo, Ohio, if that's the question you need. Let me know if you need anything else from me.","Toledo, Ohio",40,52,27,10.8,Southern US Male 1,male,Southern US,KuXMdv13akTyq5yqH15d
Security & Verification,Security Question — City You Grew Up In,SQ—CYGUI-02,"Hey, sorry to bother you again today. I grew up in Fresno, California, if that's the question you need. Take your time pulling that up, no rush at all.","Fresno, California",51,69,29,11.6,Irish Female 1,female,Irish,0VXT7iQ2kXG7EERbbG9T
Security & Verification,Security Question — City You Grew Up In,SQ—CYGUI-03,"Hi there, I hope you can help me with something. I grew up in Roanoke, Virginia, if that's the question you need. I really appreciate your help with this today.","Roanoke, Virginia",62,79,30,12.0,African-American Female 1,female,African-American,jmovCppyUT0hdwQb6rmj
Security & Verification,Security Question — City You Grew Up In,SQ—CYGUI-04,"Good afternoon, thanks so much for your patience. I grew up in Spokane, Washington, if that's the question you need. Thanks so much, I know it's a busy day for you.","Spokane, Washington",63,82,31,12.4,Canadian Male 1,male,Canadian,SHJeg1jtED7EW6Zr6rHc
Security & Verification,Security Question — City You Grew Up In,SQ—CYGUI-05,"Hi, I really appreciate you taking my call. I grew up in Biloxi, Mississippi, if that's the question you need. Sorry if I'm catching you at a bad time.","Biloxi, Mississippi",57,76,29,11.6,American Male 1,male,American,C1npRmjB19a6yNkEucvx
Security & Verification,Security Question — First Pet's Name,SQ—FPN-01,"Hi, thanks for picking up. My first pet's name was Buster. Let me know if you need anything else from me.",Buster,51,57,21,8.4,British Female 1,female,British,9rh371MqHF5jaDZ7VPvk
Security & Verification,Security Question — First Pet's Name,SQ—FPN-02,"Hey, sorry to bother you again today. My first pet's name was Whiskers. Take your time pulling that up, no rush at all.",Whiskers,62,70,23,9.2,Australian Male 1,male,Australian,PA1XYeK584cPbgobwKAc
Security & Verification,Security Question — First Pet's Name,SQ—FPN-03,"Hi there, I hope you can help me with something. My first pet's name was Coco. I really appreciate your help with this today.",Coco,73,77,24,9.6,Australian Female 1,female,Australian,zMK1eWY5DTw3Jjb8efU8
Security & Verification,Security Question — First Pet's Name,SQ—FPN-04,"Good afternoon, thanks so much for your patience. My first pet's name was Max. Thanks so much, I know it's a busy day for you.",Max,74,77,25,10.0,Indian-English Male 1,male,Indian-English,wJ5MX7uuKXZwFqGdWM4N
Security & Verification,Security Question — First Pet's Name,SQ—FPN-05,"Hi, I really appreciate you taking my call. My first pet's name was Luna. Sorry if I'm catching you at a bad time.",Luna,68,72,23,9.2,Indian-English Female 1,female,Indian-English,GBJyJih8mGoasC7OSR50
Security & Verification,Security Question — High School Name,SQ—HSN-01,"Hi, thanks for picking up. I went to Lincoln High School for high school. Let me know if you need anything else from me.",Lincoln High School,37,56,24,9.6,American Female 1,female,American,8nrCzpcW3j4By5SgCxTv
Security & Verification,Security Question — High School Name,SQ—HSN-02,"Hey, sorry to bother you again today. I went to Roosevelt High for high school. Take your time pulling that up, no rush at all.",Roosevelt High,48,62,25,10.0,British Male 1,male,British,zOzKXdLgsgWMld5cH9Be
Security & Verification,Security Question — High School Name,SQ—HSN-03,"Hi there, I hope you can help me with something. I went to Jefferson Memorial High for high school. I really appreciate your help with this today.",Jefferson Memorial High,59,82,27,10.8,British Female 1,female,British,9rh371MqHF5jaDZ7VPvk
Security & Verification,Security Question — High School Name,SQ—HSN-04,"Good afternoon, thanks so much for your patience. I went to Riverside High School for high school. Thanks so much, I know it's a busy day for you.",Riverside High School,60,81,28,11.2,Australian Male 1,male,Australian,PA1XYeK584cPbgobwKAc
Security & Verification,Security Question — High School Name,SQ—HSN-05,"Hi, I really appreciate you taking my call. I went to Kennedy High School for high school. Sorry if I'm catching you at a bad time.",Kennedy High School,54,73,26,10.4,Australian Female 1,female,Australian,zMK1eWY5DTw3Jjb8efU8
Security & Verification,Security Question — Mother's Maiden Name,SQ—MMN-01,"Hi, thanks for picking up. My mom's maiden name is Whitfield, if that's the security question. Let me know if you need anything else from me.",Whitfield,51,60,26,10.4,African-American Female 1,female,African-American,jmovCppyUT0hdwQb6rmj
Security & Verification,Security Question — Mother's Maiden Name,SQ—MMN-02,"Hey, sorry to bother you again today. My mom's maiden name is Castillo, if that's the security question. Take your time pulling that up, no rush at all.",Castillo,62,70,28,11.2,Canadian Male 1,male,Canadian,SHJeg1jtED7EW6Zr6rHc
Security & Verification,Security Question — Mother's Maiden Name,SQ—MMN-03,"Hi there, I hope you can help me with something. My mom's maiden name is Bergman, if that's the security question. I really appreciate your help with this today.",Bergman,73,80,29,11.6,American Male 1,male,American,C1npRmjB19a6yNkEucvx
Security & Verification,Security Question — Mother's Maiden Name,SQ—MMN-04,"Good afternoon, thanks so much for your patience. My mom's maiden name is Delgado, if that's the security question. Thanks so much, I know it's a busy day for you.",Delgado,74,81,30,12.0,American Female 1,female,American,8nrCzpcW3j4By5SgCxTv
Security & Verification,Security Question — Mother's Maiden Name,SQ—MMN-05,"Hi, I really appreciate you taking my call. My mom's maiden name is Osei, if that's the security question. Sorry if I'm catching you at a bad time.",Osei,68,72,28,11.2,British Male 1,male,British,zOzKXdLgsgWMld5cH9Be
Identification Numbers,Social Security Number (SSN),SSNS-01,"Hi, thanks for picking up. For verification, my social security number is 412-77-2093. Let me know if you need anything else from me.",412-77-2093,74,85,23,9.2,American Female 1,female,American,8nrCzpcW3j4By5SgCxTv
Identification Numbers,Social Security Number (SSN),SSNS-02,"Hey, sorry to bother you again today. My social security number on file should be 088-45-6712. Take your time pulling that up, no rush at all.",088-45-6712,82,93,26,10.4,British Male 1,male,British,zOzKXdLgsgWMld5cH9Be
Identification Numbers,Social Security Number (SSN),SSNS-03,"Hi there, I hope you can help me with something. Let me read off my social security number, it's 590-13-8847. I really appreciate your help with this today.",590-13-8847,97,108,28,11.2,British Female 1,female,British,9rh371MqHF5jaDZ7VPvk
Identification Numbers,Social Security Number (SSN),SSNS-04,"Good afternoon, thanks so much for your patience. The social security number we have registered is 331-92-0456, is that right? Thanks so much, I know it's a busy day for you.",331-92-0456,99,110,31,12.4,Australian Male 1,male,Australian,PA1XYeK584cPbgobwKAc
Identification Numbers,Social Security Number (SSN),SSNS-05,"Hi, I really appreciate you taking my call. I need to update my social security number to 705-64-2189. Sorry if I'm catching you at a bad time.",705-64-2189,90,101,27,10.8,Australian Female 1,female,Australian,zMK1eWY5DTw3Jjb8efU8
Health Data,Substance Use History,SUH-01,"Hi, thanks for picking up. I've been in recovery from alcohol dependence for about two years. Let me know if you need anything else from me.",alcohol dependence,54,72,26,10.4,Indian-English Female 1,female,Indian-English,GBJyJih8mGoasC7OSR50
Health Data,Substance Use History,SUH-02,"Hey, sorry to bother you again today. I've been in recovery from opioid use for about two years. Take your time pulling that up, no rush at all.",opioid use,65,75,28,11.2,Southern US Male 1,male,Southern US,KuXMdv13akTyq5yqH15d
Health Data,Substance Use History,SUH-03,"Hi there, I hope you can help me with something. I've been in recovery from a nicotine addiction for about two years. I really appreciate your help with this today.",a nicotine addiction,76,96,30,12.0,Irish Female 1,female,Irish,0VXT7iQ2kXG7EERbbG9T
Health Data,Substance Use History,SUH-04,"Good afternoon, thanks so much for your patience. I've been in recovery from prescription drug misuse for about two years. Thanks so much, I know it's a busy day for you.",prescription drug misuse,77,101,31,12.4,African-American Female 1,female,African-American,jmovCppyUT0hdwQb6rmj
Health Data,Substance Use History,SUH-05,"Hi, I really appreciate you taking my call. I've been in recovery from cocaine use for about two years. Sorry if I'm catching you at a bad time.",cocaine use,71,82,28,11.2,Canadian Male 1,male,Canadian,SHJeg1jtED7EW6Zr6rHc
Financial Data,Transaction history,TH-01,"Hi, thanks for picking up. I noticed a charge of $84.99 on June 12th that I don't recognize. Let me know if you need anything else from me.",$84.99 on June 12th,49,68,28,11.2,African-American Female 1,female,African-American,jmovCppyUT0hdwQb6rmj
Financial Data,Transaction history,TH-02,"Hey, sorry to bother you again today. I noticed a charge of $212.50 last Tuesday that I don't recognize. Take your time pulling that up, no rush at all.",$212.50 last Tuesday,60,80,29,11.6,Canadian Male 1,male,Canadian,SHJeg1jtED7EW6Zr6rHc
Financial Data,Transaction history,TH-03,"Hi there, I hope you can help me with something. I noticed a charge of $16.75 at a gas station that I don't recognize. I really appreciate your help with this today.",$16.75 at a gas station,71,94,32,12.8,American Male 1,male,American,C1npRmjB19a6yNkEucvx
Financial Data,Transaction history,TH-04,"Good afternoon, thanks so much for your patience. I noticed a charge of $540 to an unfamiliar merchant that I don't recognize. Thanks so much, I know it's a busy day for you.",$540 to an unfamiliar merchant,72,102,33,13.2,American Female 1,female,American,8nrCzpcW3j4By5SgCxTv
Financial Data,Transaction history,TH-05,"Hi, I really appreciate you taking my call. I noticed a charge of $29.99 recurring subscription that I don't recognize. Sorry if I'm catching you at a bad time.",$29.99 recurring subscription,66,95,29,11.6,British Male 1,male,British,zOzKXdLgsgWMld5cH9Be
Identification Numbers,Tax ID,TI-01,"Hi, thanks for picking up. For verification, my tax ID number is 98-7654321. Let me know if you need anything else from me.",98-7654321,65,75,23,9.2,Australian Male 1,male,Australian,PA1XYeK584cPbgobwKAc
Identification Numbers,Tax ID,TI-02,"Hey, sorry to bother you again today. My tax ID on file should be 12-3456789. Take your time pulling that up, no rush at all.",12-3456789,66,76,25,10.0,Australian Female 1,female,Australian,zMK1eWY5DTw3Jjb8efU8
Identification Numbers,Tax ID,TI-03,"Hi there, I hope you can help me with something. Let me read off my tax ID number, it's 45-6789012. I really appreciate your help with this today.",45-6789012,88,98,28,11.2,Indian-English Male 1,male,Indian-English,wJ5MX7uuKXZwFqGdWM4N
Identification Numbers,Tax ID,TI-04,"Good afternoon, thanks so much for your patience. The tax ID we have registered is 23-4567891, is that right? Thanks so much, I know it's a busy day for you.",23-4567891,83,93,30,12.0,Indian-English Female 1,female,Indian-English,GBJyJih8mGoasC7OSR50
Identification Numbers,Tax ID,TI-05,"Hi, I really appreciate you taking my call. I need to update my tax ID to 67-8901234. Sorry if I'm catching you at a bad time.",67-8901234,74,84,26,10.4,Southern US Male 1,male,Southern US,KuXMdv13akTyq5yqH15d
Health Data,Treatment plans,TP-01,"Hi, thanks for picking up. My treatment plan includes physical therapy twice a week for the next few months. Let me know if you need anything else from me.",physical therapy twice a week,54,83,29,11.6,Indian-English Male 1,male,Indian-English,wJ5MX7uuKXZwFqGdWM4N
Health Data,Treatment plans,TP-02,"Hey, sorry to bother you again today. My treatment plan includes a course of chemotherapy for the next few months. Take your time pulling that up, no rush at all.",a course of chemotherapy,65,89,30,12.0,Indian-English Female 1,female,Indian-English,GBJyJih8mGoasC7OSR50
Health Data,Treatment plans,TP-03,"Hi there, I hope you can help me with something. My treatment plan includes weekly counseling sessions for the next few months. I really appreciate your help with this today.",weekly counseling sessions,76,102,30,12.0,Southern US Male 1,male,Southern US,KuXMdv13akTyq5yqH15d
Health Data,Treatment plans,TP-04,"Good afternoon, thanks so much for your patience. My treatment plan includes insulin injections daily for the next few months. Thanks so much, I know it's a busy day for you.",insulin injections daily,77,101,31,12.4,Irish Female 1,female,Irish,0VXT7iQ2kXG7EERbbG9T
Health Data,Treatment plans,TP-05,"Hi, I really appreciate you taking my call. My treatment plan includes a gradual dosage taper for the next few months. Sorry if I'm catching you at a bad time.",a gradual dosage taper,71,93,30,12.0,African-American Female 1,female,African-American,jmovCppyUT0hdwQb6rmj
Digital identifiers,Username,U-01,"Hi, thanks for picking up. My username is mthompson82, could you reset that for me? Let me know if you need anything else from me.",mthompson82,42,53,25,10.0,American Female 1,female,American,8nrCzpcW3j4By5SgCxTv
Digital identifiers,Username,U-02,"Hey, sorry to bother you again today. I'm locked out, my username is salvarez_23. Take your time pulling that up, no rush at all.",salvarez_23,69,80,24,9.6,British Male 1,male,British,zOzKXdLgsgWMld5cH9Be
Digital identifiers,Username,U-03,"Hi there, I hope you can help me with something. Can you check the username on file, it's d.chen90? I really appreciate your help with this today.",d.chen90,90,98,27,10.8,British Female 1,female,British,9rh371MqHF5jaDZ7VPvk
Digital identifiers,Username,U-04,"Good afternoon, thanks so much for your patience. Let me give you my username, it's priyan_official. Thanks so much, I know it's a busy day for you.",priyan_official,84,99,27,10.8,Australian Male 1,male,Australian,PA1XYeK584cPbgobwKAc
Digital identifiers,Username,U-05,"Hi, I really appreciate you taking my call. I need to change my username to jobrien_dev. Sorry if I'm catching you at a bad time.",jobrien_dev,76,87,25,10.0,Australian Female 1,female,Australian,zMK1eWY5DTw3Jjb8efU8
General Information,Vehicle Identification Number,VIN-01,"Hi, thanks for picking up. The VIN on the vehicle is 1HGCM82633A004352. Let me know if you need anything else from me.",1HGCM82633A004352,53,70,22,8.8,Indian-English Female 1,female,Indian-English,GBJyJih8mGoasC7OSR50
General Information,Vehicle Identification Number,VIN-02,"Hey, sorry to bother you again today. The VIN on the vehicle is 5YJSA1E26FF101183. Take your time pulling that up, no rush at all.",5YJSA1E26FF101183,64,81,24,9.6,Southern US Male 1,male,Southern US,KuXMdv13akTyq5yqH15d
General Information,Vehicle Identification Number,VIN-03,"Hi there, I hope you can help me with something. The VIN on the vehicle is 1FTFW1ET1EFA12345. I really appreciate your help with this today.",1FTFW1ET1EFA12345,75,92,25,10.0,Irish Female 1,female,Irish,0VXT7iQ2kXG7EERbbG9T
General Information,Vehicle Identification Number,VIN-04,"Good afternoon, thanks so much for your patience. The VIN on the vehicle is 3VWFE21C04M000123. Thanks so much, I know it's a busy day for you.",3VWFE21C04M000123,76,93,26,10.4,African-American Female 1,female,African-American,jmovCppyUT0hdwQb6rmj
General Information,Vehicle Identification Number,VIN-05,"Hi, I really appreciate you taking my call. The VIN on the vehicle is JH4KA7561PC008269. Sorry if I'm catching you at a bad time.",JH4KA7561PC008269,70,87,24,9.6,Canadian Male 1,male,Canadian,SHJeg1jtED7EW6Zr6rHc
Financial Data,VAT Number,VN-01,"Hi, thanks for picking up. My VAT number is GB123456789, that should be on the invoice. Let me know if you need anything else from me.",GB123456789,44,55,26,10.4,British Male 1,male,British,zOzKXdLgsgWMld5cH9Be
Financial Data,VAT Number,VN-02,"Hey, sorry to bother you again today. The VAT number on file is DE987654321. Take your time pulling that up, no rush at all.",DE987654321,64,75,24,9.6,British Female 1,female,British,9rh371MqHF5jaDZ7VPvk
Financial Data,VAT Number,VN-03,"Hi there, I hope you can help me with something. Can you check the VAT number, it should read FR45678912345? I really appreciate your help with this today.",FR45678912345,94,107,28,11.2,Australian Male 1,male,Australian,PA1XYeK584cPbgobwKAc
Financial Data,VAT Number,VN-04,"Good afternoon, thanks so much for your patience. I'd like to update my VAT number to IT32165498712. Thanks so much, I know it's a busy day for you.",IT32165498712,86,99,28,11.2,Australian Female 1,female,Australian,zMK1eWY5DTw3Jjb8efU8
Financial Data,VAT Number,VN-05,"Hi, I really appreciate you taking my call. Let me give you the VAT number, it's ES78912345601. Sorry if I'm catching you at a bad time.",ES78912345601,81,94,26,10.4,Indian-English Male 1,male,Indian-English,wJ5MX7uuKXZwFqGdWM4N
Health Data,Vaccination Records,VR-01,"Hi, thanks for picking up. I got my flu vaccine back in March. Let me know if you need anything else from me.",flu,36,39,23,9.2,British Male 1,male,British,zOzKXdLgsgWMld5cH9Be
Health Data,Vaccination Records,VR-02,"Hey, sorry to bother you again today. I got my shingles vaccine back in March. Take your time pulling that up, no rush at all.",shingles,47,55,25,10.0,British Female 1,female,British,9rh371MqHF5jaDZ7VPvk
Health Data,Vaccination Records,VR-03,"Hi there, I hope you can help me with something. I got my COVID booster vaccine back in March. I really appreciate your help with this today.",COVID booster,58,71,27,10.8,Australian Male 1,male,Australian,PA1XYeK584cPbgobwKAc
Health Data,Vaccination Records,VR-04,"Good afternoon, thanks so much for your patience. I got my tetanus vaccine back in March. Thanks so much, I know it's a busy day for you.",tetanus,59,66,27,10.8,Australian Female 1,female,Australian,zMK1eWY5DTw3Jjb8efU8
Health Data,Vaccination Records,VR-05,"Hi, I really appreciate you taking my call. I got my pneumonia vaccine back in March. Sorry if I'm catching you at a bad time.",pneumonia,53,62,25,10.0,Indian-English Male 1,male,Indian-English,wJ5MX7uuKXZwFqGdWM4N
Contact Information,Zipcode,Z-01,"Hi, thanks for picking up. The zip code on the account should be 80203. Let me know if you need anything else from me.",80203,65,70,24,9.6,American Male 1,male,American,C1npRmjB19a6yNkEucvx
Contact Information,Zipcode,Z-02,"Hey, sorry to bother you again today. My zip code is 78704, could you update that in the system? Take your time pulling that up, no rush at all.",78704,53,58,29,11.6,American Female 1,female,American,8nrCzpcW3j4By5SgCxTv
Contact Information,Zipcode,Z-03,"Hi there, I hope you can help me with something. Yes, 98109 is the correct zip code for that address. I really appreciate your help with this today.",98109,54,59,28,11.2,British Male 1,male,British,zOzKXdLgsgWMld5cH9Be
Contact Information,Zipcode,Z-04,"Good afternoon, thanks so much for your patience. I need to change the zip code to 43215. Thanks so much, I know it's a busy day for you.",43215,83,88,28,11.2,British Female 1,female,British,9rh371MqHF5jaDZ7VPvk
Contact Information,Zipcode,Z-05,"Hi, I really appreciate you taking my call. Let me give you the zip code again, it's 27609. Sorry if I'm catching you at a bad time.",27609,85,90,27,10.8,Australian Male 1,male,Australian,PA1XYeK584cPbgobwKAc
General Information,Zodiac Sign (Astrological),ZSA-01,"Hi, thanks for picking up. I'm a Scorpio, not that it's relevant, but you asked. Let me know if you need anything else from me.",Scorpio,33,40,25,10.0,American Male 1,male,American,C1npRmjB19a6yNkEucvx
General Information,Zodiac Sign (Astrological),ZSA-02,"Hey, sorry to bother you again today. I'm a Gemini, not that it's relevant, but you asked. Take your time pulling that up, no rush at all.",Gemini,44,50,27,10.8,American Female 1,female,American,8nrCzpcW3j4By5SgCxTv
General Information,Zodiac Sign (Astrological),ZSA-03,"Hi there, I hope you can help me with something. I'm a Leo, not that it's relevant, but you asked. I really appreciate your help with this today.",Leo,55,58,28,11.2,British Male 1,male,British,zOzKXdLgsgWMld5cH9Be
General Information,Zodiac Sign (Astrological),ZSA-04,"Good afternoon, thanks so much for your patience. I'm a Capricorn, not that it's relevant, but you asked. Thanks so much, I know it's a busy day for you.",Capricorn,56,65,29,11.6,British Female 1,female,British,9rh371MqHF5jaDZ7VPvk
General Information,Zodiac Sign (Astrological),ZSA-05,"Hi, I really appreciate you taking my call. I'm an Aquarius, not that it's relevant, but you asked. Sorry if I'm catching you at a bad time.",Aquarius,51,59,27,10.8,Australian Male 1,male,Australian,PA1XYeK584cPbgobwKAc